株式会社松風,WEBエンジニア 業界唯一の上場企業,"京都府 京都市 東山区                                                                                                                                                                    




京都市 東山区の求人
をすべて見る


株式会社松風の求人
をすべて見る",年収400万円～660万円,21日前,リクルートエージェント
片岡メディアデザイン株式会社,プログラマー HP・ECサイト等のWebエンジニア,京都府 京都市 上京区,月給20万円～40万円,8日前,片岡メディアデザイン株式会社
株式会社ブリッジコーポレーション,Webエンジニア,京都府 京都市 烏丸御池駅 徒歩1分,年収500万円～620万円,公開していません,U29JOB
株式会社MIRISE,WEBデザイナー又はWEBエンジニア募集,京都府 京都市 円町駅 徒歩3分,"時給980円～1,200円",公開していません,株式会社MIRISE
株式会社ジェー・ピー・シー,Webコーダー／フロントエンドエンジニア,京都府 京都市 四条駅 徒歩7分,月給30万円～,11時間前,CREATIVE JOB
株式会社フォンタァジュ,インフラエンジニア 土日祝休み／自由度の高い働き方／Webアプリケーションエンジニア,京都府 京都市 丹波口駅,月給30万円～,6日前,株式会社フォンタァジュ
株式会社GENECH DATA SOLUTIONS,Webサービスエンジニア,京都府 京都市 烏丸御池駅 徒歩1分,年収420万円～600万円,10日前,doda
スマートキャンプ株式会社,Webアプリケーションエンジニア Saas メディア事業 BPO事業,京都府 京都市 中京区,"年収600万円～1,000万円",21日前,リクルートエージェント
株式会社FREEMIND,Web系システムエンジニア,京都府 京都市 丸太町駅,年収300万円～400万円,3日前,doda
株式会社ハースト・デジタル・ジャパン,ウェブ システム開発エンジニア／Web System Development Engineer,京都府 京都市 下京区,年収500万円～800万円,8日前,株式会社ハースト・デジタル・ジャパン
株式会社エイジェックスデジタルストラテジーズ,WEBエンジニア,京都府 京都市 四条駅,年収500万円～800万円,13日前,Green
ワールドビジネスセンター株式会社,ネットワーク・インフラエンジニア～Web面接可／創業55年の安定経営～,京都府 京都市,年収350万円～450万円,公開していません,doda
株式会社エックスポイントワン,Webエンジニア,京都府 京都市 四条駅,年収450万円～830万円,公開していません,paiza転職
株式会社DiO,フロントエンドエンジニア、Webコーダー,京都府 京都市 今出川駅 バス12分,月給20万円～34万円,17時間前,株式会社DiO
株式会社NTTデータ・ニューソン,Web開発エンジニア 主軸メンバーとして提案～導入まで一貫したサービスを提供,京都府 京都市 伏見駅,年収361万円～619万円,16日前,レバテックキャリア
株式会社アドインテ,Webエンジニア AI×マーケが強みの自社サービス／年休128日,京都府 京都市 下京区,年収360万円～800万円,21日前,リクルートエージェント
株式会社ゼネックコミュニケーション,Web・オープン系システムエンジニア／Web／IT,京都府 京都市 上鳥羽口駅 徒歩3分,月給25万円～35万円,10日前,バイトルPRO
株式会社フィールド,HTMLコーダー、Webエンジニア、フロントエンドエンジニア,京都府 京都市 四条駅,"月給20万1,600円～33万6,000円",公開していません,株式会社フィールド
井上株式会社,WEB・システムエンジニア,京都府 福知山市 福知山駅 車2分,"月給19万6,500円～30万6,500円",19日前,ハローワーク福知山
株式会社Nextat,WEBエンジニア,京都府 京都市 五条駅 徒歩1分,月給18万円～30万円,19日前,ハローワーク京都七条
株式会社プラメド,WEBアンケート画面作成エンジニア 医療領域,京都府 京都市 下京区,年収400万円～450万円,6日前,リクルートエージェント
株式会社スプーキーズ,アプリケーションエンジニア サーバーサイドエンジニア／Webエンジニア RubyやJava,京都府 京都市 烏丸駅,年収320万円～700万円,16日前,レバテックキャリア
株式会社俄,Webエンジニア・サーバーサイドエンジニア,京都府 京都市 中京区,年収390万円～700万円,14日前,リクルートエージェント
株式会社バトンズ,Webエンジニア／フルスタックエンジニアへのキャリアアップ,京都府 京都市 京都駅,年収400万円～600万円,20日前,Geekly
株式会社堀場エステック,流体制御機器のサービスエンジニア／WEB面接可能,京都府 京都市 南区,年収400万円～600万円,21日前,リクルートエージェント
株式会社坂ノ途中,Webアプリケーション開発エンジニア,京都府 京都市 西京極駅,年収300万円～600万円,18日前,Geekly
株式会社サザンウィッシュ,Webエンジニア／自社サービス／Saasアプリケーション,京都府 京都市 京都駅,年収500万円～700万円,19日前,Geekly
株式会社Oz link,"WEBエンジニア 顧客向け及び月商1,500万美容系自社EC制作",京都府 京都市 中京区,年収390万円～580万円,15日前,リクルートエージェント
サイバーパテント株式会社,システムエンジニア／Webアプリケーション,京都府 京都市 京都駅,年収550万円～650万円,20日前,Geekly
株式会社学生情報センター,WEB系システムエンジニア,京都府 京都市 京都駅 徒歩3分,年収600万円～700万円,公開していません,U29JOB
オムロンヘルスケア株式会社,システムエンジニア／Web・クラウド・アプリ,京都府 京都市 桂川駅 徒歩5分,年収500万円～850万円,公開していません,タイズ
株式会社ハイシンク創研,Web・オープン系システムエンジニア／IT通信インフラ構築事業,京都府 京都市 丹波口駅 徒歩10分,年収580万円～800万円,公開していません,バイトルPRO
株式会社人財バンク,Web・オープン系システムエンジニア／Web／IT,京都府 京都市 西大路駅 徒歩5分,年収400万円～,公開していません,バイトルPRO
株式会社クレアリンクテクノロジー,WEBアプリケーションエンジニア,京都府 精華町,"月給19万8,000円～35万円",公開していません,ハローワーク京都田辺
株式会社ビジネスポート,SE ーお客様の笑顔と共にステップアップを目指すー 業務システム・Webシステム開発エンジニア,京都府 京都市 京都駅 徒歩5分,月給25万円～,公開していません,株式会社ビジネスポート
株式会社デルタエンジニアリング,WEBアプリケーションエンジニア,京都府 京都市 下京区,年収400万円～600万円,公開していません,株式会社デルタエンジニアリング
総合経営サポートセンター,WEBアプリケーションエンジニア,京都府 京田辺市,月給21万円～44万円,公開していません,総合経営サポートセンター
株式会社Donuts,中途 エンジニアリーダー候補,京都府 京都市 中京区,公開していません,公開していません,マイナビAGENT
株式会社シーズ,Webプログラマー,京都府 京都市 丹波口駅 徒歩5分,年収350万円～,4日前,Green
株式会社エクサウィザーズ,企画開発プランナー 未経験歓迎／UIターン歓迎,京都府 京都市 左京区,"年収420万円～1,000万円",23日前,リクルートエージェント
Happy Elements株式会社,3DCGデザイナー 熱狂的に愛されるゲーム制作へ,京都府 京都市 烏丸駅,年収300万円～800万円,6日前,doda
株式会社ワントゥーテン,Webで新しいことにチャレンジしたい方を募集,京都府 京都市 烏丸駅 徒歩2分,"年収449万9,000円～600万7,000円",2時間前,CREATIVE JOB
アトモフ株式会社,ソフトウェアエンジニア,京都府 京都市 烏丸御池駅 徒歩7分,公開していません,25日前,Green
株式会社メディアウォーズ,アプリケーションエンジニア,京都府 京都市 丹波口駅,年収350万円～600万円,公開していません,doda
ビジネスラリアート株式会社,WEBサイトのフロントサイドエンジニア・コーダー,京都府 京都市 丹波口駅 徒歩3分,月給30万円～40万円,2日前,リクナビNEXT
株式会社演算工房,システムエンジニア,京都府,年収337万円～700万円,公開していません,Spring転職エージェント
エスピーメディアテック株式会社,PHPプログラマー募集,京都府 向日市 向日町駅 徒歩10分,月給25万円～40万円,15日前,CREATIVE JOB
株式会社アンドシステム,勘定系システムリプレースSE・PLポジション,京都府,年収384万円～800万円,公開していません,Spring転職エージェント
京セラコミュニケーションシステム株式会社,社内SE募集!社内システムの大規模刷新を一緒に行うメンバー,京都府 京都市 下京区,年収550万円～850万円,公開していません,マイナビAGENT
株式会社テクロス,フロントエンドエンジニア,京都府 京都市 下京区,年収550万円～800万円,公開していません,マイナビAGENT
オムロンソフトウェア株式会社,スマートフォンアプリケーション及びWEBシステム開発のプロジェクトマネージ,京都府 向日市,公開していません,19日前,マイナビAGENT
株式会社デイアライブ,Webディレクター,京都府 京都市 五条駅 徒歩1分,年収360万円～800万円,5日前,Green
株式会社ラプラス・システム,システム開発職 Webアプリケーション,京都府 京都市 伏見桃山駅 徒歩5分,年収400万円～700万円,19時間前,Green
LAPRAS株式会社,Site Reliability Engineer,京都府,年収648万円～828万円,公開していません,doda
株式会社ゼネック,倉庫管理や配送システムにおけるシステムエンジニア,京都府 京都市 烏丸御池駅,年収350万円～630万円,公開していません,マイナビAGENT
株式会社飛躍,フロントエンドエンジニア 京都勤務／ECコンサルティング・構築に強みを持つ成長企業,京都府 京都市 京都市役所前駅,年収400万円～650万円,17日前,レバテックキャリア
株式会社ウェルアソシエイツ,2023 新卒採用 ソフトウェア,京都府,月給23万円,公開していません,リクナビ2023
株式会社TETOTE,プログラマー ヒアリングからデザイン、納品まで 急成長ITベンチャー,京都府 城陽市,年収300万円～500万円,公開していません,株式会社TETOTE
DX HUB株式会社,開発エンジニア 東京オフィス勤務,京都府 京都市 下京区,年収400万円～700万円,19時間前,Green
ふくみっと運営事務局,営業／事務,京都府 京都市 京都市役所前駅,"時給940円～1,200円",公開していません,ふくみっと
株式会社堀場製作所,京都ソフトウェア設計,京都府 京都市 南区,年収400万円～900万円,22日前,マイナビAGENT
ギグワークスクロスアイティ株式会社,自社製品開発メンバー,京都府 京都市 四条駅,年収400万円～600万円,3日前,paiza転職
フューチャーインスペース株式会社,PL／アプリケーション,京都府 京都市 南区,公開していません,公開していません,マイナビAGENT
株式会社エージェントグロー,ITエンジニア 自由度&納得度100%の案件選択&単価評価制度,京都府,月給30万円～90万円,2日前,マイナビ転職
株式会社MAYA STAFFING,ネットワークエンジニア 大手企業 土日祝休み 在宅勤務有り,京都府 京都市 京都駅 徒歩3分,"時給1,600円～3,000円",5日前,かんたん応募
フリュー株式会社,サーバサイドエンジニア,京都府 京都市 下京区,年収550万円～700万円,公開していません,paiza転職
エクサイト株式会社,Web・SmartPhone UIデザイナー,京都府 京都市 東野駅 徒歩5分,年収300万円～600万円,1日前,Green
株式会社RISING 京都支部,未経験から成長できるシステムエンジニア,京都府 京都市 下京区,月給25万円～40万円,5日前,株式会社RISING
株式会社クリアビジョン,未経験歓迎のITエンジニア／研修充実／自社開発／リモート案件,京都府 京都市 十条駅,月給22万円～,6日前,doda
株式会社ガーディアン,学生・主婦の方歓迎 基本的なPC操作スキルがあればOK,京都府 京都市 四条駅 徒歩4分,"時給1,041円～2,500円",1日前,Find Job!
LINE株式会社,フロントエンドエンジニア／LINE MUSIC・LIFF／京都開発室,京都府 京都市 下京区,公開していません,公開していません,LINE株式会社
株式会社イズム,開発エンジニア 全国フルリモート可／残業月7h程度／年休125日／還元率70%以上,京都府,"月給32万円～69万4,000円",10日前,エン転職
Baseconnect株式会社,エンジニアマネージャー／営業効率化サービス「Musubu」展開企業,京都府 京都市 二条駅,"年収600万円～1,000万円",24日前,doda
AJ・Flat株式会社,ゼロから始める エンジニア 未経験OK!必ず毎年昇給&賞与2回,京都府,月給35万円～,6日前,マイナビ転職
株式会社ケルク電子システム,防犯システムのフィールドエンジニア,京都府 京都市 山科駅 徒歩5分,年収308万円～392万円,公開していません,doda
アイフル株式会社,システム開発エンジニア,京都府 京都市 五条駅 徒歩2分,年収500万円～550万円,公開していません,U29JOB
ものレボ株式会社,"ITエンジニアシステム開発、インフラなどのプロジェクトリーダー, システムエンジニア",京都府 京都市 烏丸御池駅 徒歩5分,"年収540万円～1,088万円",7時間前,Ｔジョブ
株式会社アクセル,週払いOK データ入力+電話応対,京都府 京都市 西大路駅 徒歩5分,"時給1,350円",公開していません,エン派遣
ウィツ株式会社,システムエンジニア,京都府 京都市,月給30万円～,公開していません,U29JOB
株式会社イー・シー・アンドエム,社員へ 未経験活躍中!簡単な機器の設定設置,京都府,"時給1,350円～",14日前,エン派遣
星和電機株式会社,IoT照明のインフラエンジニア～年休126日／転勤なし／ニッチトップ企業～,京都府 城陽市 城陽駅,年収470万円～570万円,18日前,doda
インターマキシス株式会社,Webアナリスト／アクセス解析 Google Analytics4／一味違うWeb会社,京都府 京都市 五条駅 徒歩1分,年収400万円～600万円,3日前,Green
ラクスル株式会社,PdM／プロダクトマネージャー 既存産業をDXで変革! ユーザー100万人超,京都府 京都市,"年収600万円～1,025万円",25日前,リクルートエージェント
日本システムマネージメント株式会社,システムエンジニア,京都府 京都市,月給22万円～,15時間前,U29JOB
カゴヤ・ジャパン株式会社,システム開発エンジニア,京都府 京都市 烏丸御池駅,年収350万円～600万円,6日前,doda
株式会社ネクプロ,AWSエンジニア ウェビナーマーケティング支援プラットフォーム開発／フルリモート,京都府,"年収500万円～1,000万円",公開していません,doda
日本アイ・ビー・エムデジタルサービス株式会社 I...,ITスペシャリスト／様々な業界かつ国内外のお客様のデジタル変革を担うエンジニアを募集,京都府 京都市 下京区,月給27万円～51万円,8日前,en ミドルの転職
株式会社エイジェックスデジタルストラテジーズ 英...,UX設計エンジニア ビジネスの未来を変えるデジタル戦略チームの創業期メンバー,京都府 京都市 京都駅,"年収720万円～1,260万円",4日前,en ミドルの転職
株式会社島津製作所,ソフトウェア開発の研究設計スタッフ 超優良メーカー フレックス勤務OK,京都府 京都市 西大路御池駅 徒歩2分,月給25万円～,21日前,エン転職
株式会社Innovation Planning,SE,京都府 京都市 祇園四条駅 徒歩3分,月給30万円～,2日前,株式会社Innovation Planning
株式会社80&Company,テックリード,京都府 京都市 左京区,"年収816万円～1,134万円",公開していません,paiza転職
株式会社ビーネット,SE 裁量権大きいポジション／じっくり成長可,京都府 京都市 烏丸駅,年収300万円～600万円,10日前,doda
株式会社ホットスタッフ京都,未経験OKのシステムエンジニア,京都府 京都市 向島駅 徒歩12分,"時給1,700円～",14日前,HOT犬索
株式会社エムハンド,Webディレクター／Webマーケ リモート勤務・フレックス有,京都府 京都市 下京区,月給26万円～,21日前,リクナビNEXT
オプテックス株式会社,ソフトウェア開発エンジニア／世界でもトップクラスマーケットシェアを持つ自社製品開発メーカー,京都府 京都市 京都駅,年収600万円～850万円,7日前,en ミドルの転職
アイデアル株式会社,PG・SE,京都府,月給21万円～45万円,23日前,type
ポノス株式会社,サーバーサイドエンジニア,京都府 京都市 四条駅 徒歩5分,年収450万円～960万円,5時間前,CREATIVE JOB
株式会社シエルシステム,ITエンジニア 賞与昨年実績4.6ヶ月分／年休120日以上 残業月平均14.1時間,京都府 宇治市 小倉駅 徒歩5分,月給24万円～50万円,28日前,エン転職
