INTLOOP株式会社,業務系システムエンジニア～社内に幅広いキャリアが存在～,岐阜県,年収450万円～750万円,12時間前,リクルートエージェント
AJ・Flat株式会社,未経験プログラマー,岐阜県 各務原市                                                                                                                                    その他 (23),月給18万円～20万円,8時間前,AJ・Flat株式会社
株式会社BTM,長野県で最新技術を使用し、市場価値を高めませんか,長野県 小諸市,月給33万円～58万円,11時間前,en ミドルの転職
株式会社メイテック,機械エンジニア 平均賞与141万／休日126日 無期雇用派遣,岐阜県,年収400万円～800万円,13時間前,リクルートエージェント
株式会社ナイスマン,営業職,岐阜県 多治見市 多治見駅 徒歩15分,月給23万円～25万円,22時間前,かんたん応募
株式会社佐藤エンジニアサービス,未経験歓迎の電気工事士残業ほぼなし・月給22.5万円～,長野県 東御市 田中駅 徒歩8分,"月給22万5,000円～29万円",22時間前,マイナビ転職
キャリアアセットマネジ株式会社 システム開発室,ネットワークエンジニア（サーバー設計・構築）,長野県 長野市 長野駅 車10分,月給20万円～,4時間前,tenichi
株式会社進和製作所,金型技術責任者候補の募集,長野県,年収600万円～700万円,16時間前,日経転職版
株式会社feat,テレワーク多数／年休123日／残業平均10h以内,岐阜県,月給25万円～50万円,22時間前,マイナビ転職
株式会社ソディック,サービスエンジニア 東証一部／射出成型機担当／世界TOPクラ...,長野県 松本市,年収350万円～500万円,11時間前,リクルートエージェント
大興電子通信株式会社,U／Iターン歓迎 顧客への提案など上流工程をお任せします,長野県 長野市,年収400万円～600万円,11時間前,リクルートエージェント
株式会社ゼンショーホールディングス,フロントエンジニア／自社内開発～「DX認定事業者」に認定～,長野県 上田市,年収400万円～600万円,12時間前,リクルートエージェント
株式会社KOTONAS,組込ソフトエンジニア職,岐阜県 岐阜市,月給25万円～60万円,9時間前,株式会社KOTONAS
株式会社アルメックステクノロジーズ,WEB面接可 技術営業,岐阜県 大垣市,年収400万円～,12時間前,リクルートエージェント
株式会社モンテローザフーズ,店舗スタッフ 未経験OK WEB面接実施中,長野県,"月給20万8,000円～",23時間前,マイナビ転職
ダイオーエンジニアリング株式会社,プラントメンテナンス／大王製紙グループ／岐阜,岐阜県 可児市,年収350万円～450万円,6時間前,建設転職ナビ
株式会社アーキ・ジャパン,既卒歓迎 管理事務職,長野県,年収400万円～450万円,11時間前,Re就活
株式会社三治製作所,ゴルフカートを扱う サービスエンジニア 大自然の中で活躍,岐阜県,月給20万円～,22時間前,マイナビ転職
共同エンジニアリング株式会社,施工管理 ～未経験から建設現場の司令塔へ／東証一部上場グルー...,岐阜県,年収330万円～600万円,34分前,doda
JAGフィールド株式会社,設備施工管理 安全管理・Tfas作図,長野県 安曇野市,"月給36万5,000円～52万1,000円",20時間前,JAGフィールド株式会社
有限会社AMPLUS,ゴルフシュミレーターの開発エンジニア／年休120日／土日祝休,長野県 伊那市,月給30万円～50万円,4時間前,doda
コスモエンジニアリング株式会社,プラント系総合職／設計・CADオペレーター・施工管理,長野県,月給17万円～45万円,22時間前,マイナビ転職
株式会社三技協イオス,社会インフラを支える ネットワーク／通信エンジニア,長野県 佐久市,月給20万円～,23時間前,マイナビ転職
株式会社ミマキエンジニアリング,世界シェアTOPクラスメーカー／東証一部上場,長野県 東御市,年収350万円～450万円,12時間前,リクルートエージェント
株式会社ロココ,社内ヘルプデスク・IT運用サポート クライアント企業内勤務,長野県,月給20万円～28万円,6時間前,U29JOB
株式会社MARUWA,セラミック基板・材料の開発,岐阜県 土岐市,年収480万円～710万円,7時間前,マイナビAGENT
株式会社メイテックフィルダーズ,フィールドエンジニア／年間休日126日／社員定着率90.9%,長野県,"月給17万9,700円～47万8,225円",11時間前,en ミドルの転職
クオリティソフト株式会社,アプリ開発エンジニア,長野県 松本市,年収400万円～850万円,7時間前,ワークポート
株式会社コプロ・エンジニアード,施工管理アシスタントとしての工場新築工事,岐阜県 岐阜市,月給37万円～47万円,13時間前,現キャリ
三井金属エンジニアリング株式会社,プラントエンジニア／三井金属グループ／岐阜,岐阜県 飛騨市,年収440万円～810万円,7時間前,建設転職ナビ
転職博,既卒歓迎,岐阜県,年収200万円～600万円,11時間前,Re就活
株式会社モンスターラボ,開発プロジェクトマネージャー／スマートフォンアプリ開発多数／...,長野県,月給42万円～71万円,3時間前,en ミドルの転職
株式会社テクニカルイン長野,ソフトウェア会社でのエンジニア,長野県 上田市,月給20万円～35万円,3時間前,ジョブズゴー
TDK株式会社,システム開発者,長野県 佐久市,公開していません,5時間前,マイナビAGENT
ディーピーティー株式会社,システムエンジニア,岐阜県,年収350万円～650万円,1時間前,U29JOB
株式会社アスパーク 長野オフィス,テストエンジニア,長野県 長野市 長野駅 徒歩5分,月給18万円～25万円,10時間前,株式会社アスパーク 長野オフィス
ビーミライホールディングス株式会社,IT／コンピュータ ユーザーサポート IT・WEBエンジニア,長野県 長野市,月給20万円～70万円,16時間前,ビーミライホールディングス株式会社
株式会社アスールマリノ,半導体系エンジニア,岐阜県 岐阜市,月給20万円～50万円,10時間前,株式会社アスールマリノ
株式会社ワークリレーション,人材サービスの営業・管理,岐阜県 岐阜市 西岐阜駅 車10分,月給22万円～30万円,19時間前,ハローワーク岐阜
株式会社アルプスビジネスサービス,電気電子設計エンジニア,長野県 松本市 村井駅,月給18万円～35万円,10時間前,株式会社アルプスビジネスサービス
ブルーコンシャス・ネオ株式会社,SE 未経験から手に職を,岐阜県 岐阜市,月給18万円～50万円,15時間前,ブルーコンシャス・ネオ株式会社
株式会社サンワ空調,空調施工の技術を習得しませんか?空調未経験の方もお気軽にご応...,岐阜県 各務原市 新加納駅 徒歩10分,月給26万円～45万円,10時間前,株式会社サンワ空調
株式会社ヒューマネット,自動車プラスチック部品の塗装、外観検査、組立作業,岐阜県 各務原市,月給21万円～,15時間前,株式会社ヒューマネット
日電精密工業株式会社,技術職,岐阜県 安八町,"月給20万円～26万5,000円",15時間前,日電精密工業株式会社
株式会社アクティ,ネットワークエンジニアのサポート,岐阜県 大垣市,月給18万円～35万円,10時間前,株式会社アクティ
日本ラッド株式会社,システムエンジニア・プログラマー,岐阜県,"月給20万6,000円～",11時間前,日本ラッド株式会社
株式会社コア 中部カンパニー,SE・PG,岐阜県,"月給20万3,000円～",11時間前,株式会社コア 中部カンパニー
株式会社アシストエンジニア,インフラ運用サポート ～IT迷子のみなさんこちら～,岐阜県 大垣市,月給22万円～45万円,16時間前,株式会社アシストエンジニア
