株式会社リアルワールド,WEBエンジニア,北海道 札幌市 中央区,年収400万円～800万円,10時間前,ワークポート
株式会社アライト,年数よりスキル重視 WEBシステム開発エンジニア,北海道 札幌市 大通駅 徒歩4分,年収200万円～700万円,16時間前,株式会社アライト
株式会社SN JAPAN,webエンジニア大募集,北海道 札幌市 中央区,"年収360万円～1,200万円",10時間前,株式会社SN JAPAN
クリエイティブラビット合同会社,WEBデザイナー UIエンジニア,北海道 札幌市 中央区,月給20万円～30万円,15時間前,クリエイティブラビット合同会社
株式会社アウスタ札幌支社,プログラマー 上京してITのプロフェッショナルへ! 未経験歓...,北海道 帯広市 帯広駅 車10分                                                                                                                                    その他 (14),月給19万円～35万円,16時間前,株式会社アウスタ札幌支社
株式会社クリエイティブ・コンサルタント,コアメンバーとして活躍 ITエンジニア 残業平均16h程度,北海道 札幌市 バスセンター前駅,"月給20万3,000円～33万6,000円",22時間前,マイナビ転職
株式会社北見コンピューター・ビジネス,業務系システム受託開発 ITエンジニア 賞与4.5ヶ月分,北海道 北見市 北見駅 徒歩6分,"月給18万5,500円～31万4,400円",23時間前,マイナビ転職
株式会社トラストフォース,「休日も収入も増えた」の声多数! SE／PG,北海道 札幌市 中央区,月給24万円～,23時間前,マイナビ転職
日本アイ・ビー・エム デジタルサービス株式会社,IBMグループのDX拠点で活躍する プログラマー,北海道 札幌市 札幌駅,月給21万円～38万円,23時間前,マイナビ転職
株式会社セイコーフレッシュフーズ,社内SE 中途入社多数,北海道 札幌市 ひばりが丘駅,月給25万円～45万円,21時間前,マイナビ転職
モダ石油グループ,自動車検査員／モダ石油 メカ・ドック新道東店,北海道 札幌市 東区,"月給20万7,700円～26万4,400円",10時間前,モダ石油グループ
テスコ株式会社,私たちの暮らしを支える環境インフラ事業 提案型営業,北海道 札幌市 バスセンター前駅,月給23万円～29万円,21時間前,マイナビ転職
株式会社NTTデータMSE,IoTサービス開発エンジニア 離職率3%・福利厚生充実,北海道 札幌市 厚別区,年収415万円～750万円,13時間前,リクルートエージェント
株式会社ヒューマンウェイブ札幌事務所,システムエンジニア・プログラマー,北海道 札幌市,月給20万円～40万円,10時間前,株式会社ヒューマンウェイブ札幌事務所
有限会社ビー・ジー・エム,自動制御装置の保守点検エンジニア 年休130日,北海道 札幌市 バスセンター前駅,月給20万円～30万円,22時間前,マイナビ転職
株式会社SHIFTPLUS,テストエンジニア,北海道 札幌市 大通駅,月給25万円～48万円,18時間前,エン転職
東芝テックソリューションサービス株式会社,インフラを支える ITエンジニア 昨年賞与実績5ヶ月／年休1...,北海道 札幌市 東区,"月給21万6,500円～",23時間前,マイナビ転職
日本アイ・ビー・エムデジタルサービス株式会社,Infrastructure Technical Speci...,北海道 札幌市 中央区,月給27万円～57万円,9時間前,en ミドルの転職
JIG-SAW株式会社,未経験から市場価値の高い人材へ!自社内勤務のITエンジニア,北海道 札幌市 札幌駅 徒歩5分,"月給30万5,000円～35万円",22時間前,マイナビ転職
ネオス株式会社,東証一部上場のグループ会社,北海道 札幌市 中央区,年収550万円～800万円,13時間前,リクルートエージェント
ネットワンシステムズ株式会社,上流工程／高年収／自社内勤務 東証一部,北海道 札幌市 中央区,年収450万円～800万円,13時間前,リクルートエージェント
株式会社ジェイテック,システムエンジニア,北海道,年収300万円～600万円,2時間前,U29JOB
日本キャタピラー合同会社,アフターフォロー営業,北海道 帯広市,年収500万円～750万円,3時間前,U29JOB
株式会社ブランジスタ,EC運営事務,北海道 札幌市 中央区,年収300万円～350万円,11時間前,ワークポート
株式会社シンクスバンク,個別指導・集団指導／KENスクール札幌校,北海道 札幌市 札幌駅 徒歩2分,月給23万円～,3時間前,塾講師ナビ
メタウォーター株式会社,プラント施工管理／北海道／上下水道分野トップクラスメーカー,北海道 札幌市,年収450万円～750万円,5時間前,建設転職ナビ
株式会社シーエスアイ,システムエンジニア,北海道 札幌市 南郷13丁目駅 徒歩15分,"月給25万6,417円～",9時間前,U29JOB
アンリツ株式会社,フィールドエンジニア,北海道 札幌市 大通駅 徒歩3分,年収300万円～480万円,2時間前,U29JOB
株式会社ジェイマックシステム,アプリ開発エンジニア,北海道 札幌市 さっぽろ駅 徒歩8分,"月給29万5,000円～58万4,000円",8時間前,U29JOB
システム・エボリューション株式会社,システムエンジニア,北海道,年収430万円～650万円,2時間前,U29JOB
株式会社ワールドソフト・イーエス,システムエンジニア,北海道 帯広市 帯広駅,年収360万円～500万円,10時間前,株式会社ワールドソフト・イーエス
株式会社トゥインクル,システム運用エンジニア 即日入社可能!年間休日120日!残業...,北海道,月給20万円～55万円,11時間前,株式会社トゥインクル
株式会社パネット,コーダー・フロントエンドエンジニア,北海道 札幌市 豊水すすきの駅,月給30万円～,10時間前,株式会社パネット
ムトーアイテックス株式会社,組込制御、情報通信エンジニア,北海道 札幌市 中央区,月給21万円～45万円,11時間前,ムトーアイテックス株式会社
株式会社ラスク,札幌本社、新事務所移転が決まり、内勤社員を増員します。 新し...,北海道 札幌市 中央区,月給20万円～40万円,16時間前,株式会社ラスク
株式会社アベールヒューマンスタッフ,WEBアプリ開発のITエンジニア,北海道 札幌市 菊水駅                                                                                                                                    その他 (2),月給28万円～40万円,16時間前,株式会社アベールヒューマンスタッフ
ヤンマーアグリジャパン株式会社,ヤンマーでの農業機器の整備スタッフ,北海道 旭川市                                                                                                                                    その他 (8),月給18万円～26万円,16時間前,ヤンマーアグリジャパン株式会社
インフォテクノ株式会社,システムエンジニア・プログラマー,北海道 札幌市 西18丁目駅 徒歩3分,月給21万円～30万円,16時間前,インフォテクノ株式会社
株式会社ネットワークソフトアソシエイツ 中央コン...,システムエンジニア,北海道 札幌市 南郷7丁目駅,月給28万円～33万円,10時間前,株式会社ネットワークソフトアソシエイツ
ネットワークソフトアソシエイツ本社,システムエンジニア,北海道 札幌市 西11丁目駅 徒歩5分,月給30万円～35万円,10時間前,株式会社ネットワークソフトアソシエイツ
株式会社アベールジャパン,人材派遣営業職,北海道 札幌市 大通駅 徒歩2分,月給23万円～50万円,16時間前,株式会社アベールジャパン
株式会社アイパス,システムエンジニア,北海道 札幌市 バスセンター前駅,月給22万円～38万円,10時間前,株式会社アイパス
まりもテクノロジー株式会社,客先常駐一切なし! 残業平均月17h 年間休日125日以上,北海道 札幌市 札幌駅 徒歩3分,月給21万円～,11時間前,まりもテクノロジー株式会社
カーネクスト北海道株式会社,自動車整備士／幹部候補,北海道 札幌市 北区,月給17万円～30万円,15時間前,カーネクスト北海道株式会社
キャル株式会社 札幌オフィス,ITエンジニア,北海道 札幌市 大通駅 徒歩5分,月給22万円～,15時間前,キャル株式会社札幌オフィス
株式会社グラフィックホールディングス,フロントエンドエンジニア,北海道 札幌市 すすきの駅 徒歩3分,月給23万円～35万円,16時間前,株式会社グラフィックホールディングス
