株式会社アッカ・インターナショナル,20～30代活躍!店舗勤務の経験を活かすEC物流トータル営業,"東京都 港区 表参道駅 徒歩10分                                                                                                                                                                    




表参道駅の求人
をすべて見る


株式会社アッカ・インターナショナルの求人
をすべて見る","月給27万1,000円～33万2,000円",5日前,リクナビNEXT
株式会社オルセル,ECサイトの企画営業・インサイドセールス,"東京都 千代田区 飯田橋駅 徒歩4分                                                                                                                                                                    




飯田橋駅の求人
をすべて見る",月給30万円～,1日前,リクナビNEXT
株式会社ダイコー電機,未経験歓迎!完全週休2日制!ECサイト運営サポート・営業事務,"東京都 世田谷区 用賀駅 徒歩5分                                                                                                                                                                    




用賀駅の求人
をすべて見る","月給22万5,000円～",1日前,リクナビNEXT
マーケティングアソシエーション株式会社,ECサイト運営の課題を解決! 営業職 未経験・第二新卒歓迎,東京都 文京区 湯島駅 徒歩1分,"月給22万967円～25万9,793円",7日前,マイナビ転職
ノイン株式会社,自社ECサイトの広告提案営業,東京都 渋谷区,年収500万円～800万円,2日前,パソナキャリア
GMOメイクショップ株式会社,ECカスタマイズサービスの提案営業,"東京都                                                                                                                                                                    




GMOメイクショップ株式会社の求人
をすべて見る",年収402万円～500万円,公開していません,エン エージェント
株式会社日本ブランド,越境ECサイトの企画営業・マーケティング／貿易・越境EC関連職経験者大歓迎,東京都 千代田区 東京駅 徒歩1分,月給25万円～,3日前,JobsNippon
アイリスオーヤマ株式会社,法人営業／大手EC企業への提案営業,"東京都 港区                                                                                                                                                                    




アイリスオーヤマ株式会社の求人
をすべて見る",年収400万円～650万円,5日前,マイナビAGENT
ナビプラス株式会社,ECサイト向けマーケティングツールの提案営業,東京都,"年収400万円～645万9,000円",2日前,en ミドルの転職
株式会社PRECS,コンサルティング営業 ECサイト運営のサポート事業／リモート勤務／離職率5%,東京都 台東区,年収400万円～700万円,11日前,リクルートエージェント
株式会社インター・ベル,外部クライアントから委託を受けているECサイトの運営全般と新規開拓に関する企画営業,東京都 千代田区 麹町駅,年収300万円～500万円,2日前,株式会社インター・ベル
株式会社ネットショップ支援室,営業マネージャー 東京本社 ECシステム,東京都 港区 赤坂駅 徒歩3分,年収500万円～700万円,12日前,Green
株式会社オークファン,SS営業 AI×ヒトで循環する流通インフラを構築し世界中の「もったいない」を解決する,東京都 品川区,年収300万円～500万円,6時間前,エージェントパーク
株式会社TFN,家電・PCなどを取り扱うECサイトのバイヤー／法人営業,東京都 千代田区 秋葉原駅 徒歩4分,"月給25万円～34万6,700円",9日前,リクナビNEXT
株式会社エクシーク,月給40万円～ ECサポートサービスの提案営業,東京都 大田区 大森駅 徒歩2分,月給40万円～,6日前,リクナビNEXT
バリューコマース株式会社,国内最大級ネットショッピング向け ECソリューション営業,東京都,年収400万円～600万円,公開していません,Spring転職エージェント
株式会社ロコンド,営業本部 営業部／ECショップ担当営業,東京都 渋谷区 代々木公園駅,年収420万円～528万円,公開していません,Geekly
ZETA株式会社,法人営業／反響型営業／ECやアパレル勤務経験あり歓迎,東京都 世田谷区 三軒茶屋駅,年収350万円～650万円,公開していません,Geekly
株式会社ピーチ・ジョン,ECモールの営業・運用担当募集／ピーチ・ジョン・東京本社,東京都 港区,月給20万円～,28日前,株式会社ピーチ・ジョン
株式会社ドウシシャ,日用雑貨品メーカー兼商社／大手外資系EC企業向けの提案営業職,東京都,年収550万円～800万円,7日前,Spring転職エージェント
株式会社インターファクトリー,アカウント営業／クラウド型EC,東京都 千代田区,年収450万円～900万円,8時間前,doda
株式会社My Brand,コカ・コーラライセンスグッズの拡販／営業・ECサイト運営,東京都 大田区 大岡山駅 徒歩2分,月給25万円～35万円,1日前,リクナビNEXT
株式会社システムインテグレータ,ECソリューション営業 自社製品 SI Web Shopping,東京都 渋谷区,公開していません,20日前,マイナビAGENT
株式会社ぐるなび,業務用食材・資材仕入れECサイトのMD・営業～食品業界出身者歓迎～,東京都 千代田区 日比谷駅,年収400万円～645万円,11日前,doda
GMOペイメントゲートウェイ株式会社,ソリューション提案型法人営業／EC総合決済／物販・大手企業・プロジェクト,東京都 渋谷区 渋谷駅,"年収500万円～1,200万円",公開していません,Geekly
株式会社ココラブル,企画営業 Amazonで商品販売を検討される企業に販売拡大に向けた提案,東京都 渋谷区,年収450万円～,14日前,LIBZ
株式会社いつも,EC特化の営業力を求めています／提案型の営業が得意な方歓迎,東京都 千代田区,公開していません,公開していません,READY TO FASHION
株式会社エラン,有名美容品に携わる ECサイト運営の営業事務,東京都 中央区 小伝馬町駅 徒歩5分,"時給1,500円～1,600円",6日前,elan
株式会社レックスアドバイザーズ,在宅あり!ECサイトの運用、営業サポート事務,東京都 千代田区 東京駅 徒歩1分,"時給1,600円",1日前,エン派遣
日清食品株式会社,ECチャネル向け法人営業,東京都 新宿区 東新宿駅,年収560万円～750万円,7日前,doda
富士ソフト株式会社,アカウント営業 ECサイト・ネットビジネス領域,東京都 千代田区,年収400万円～800万円,16日前,マイナビAGENT
株式会社ウェルカム,DEAN&DELUCAブランド営業部ECバックオフィス担当／DEAN & DELUCA 本社,東京都 目黒区 学芸大学駅 徒歩7分,"時給1,200円",4日前,株式会社ウェルカム
株式会社フランクジャパン,大手食品メーカー直取引・越境ECへの出品営業,東京都 港区,年収350万円～600万円,公開していません,パソナキャリア
株式会社NTTドコモ,加盟店営業～販促 「d払い 」導入ECサイト運営企業の新規開拓,東京都 千代田区 溜池山王駅,年収480万円～700万円,14日前,doda
TTU株式会社,越境ECカスタマーサクセス・営業サポート,東京都 千代田区 有楽町駅 徒歩1分,"時給1,200円～1,500円",公開していません,はたらくぞドットコム
株式会社コプロシステム,ECソリューション営業 システム導入～物流まで一括アウトソーシング提案,東京都 品川区,年収360万円～450万円,公開していません,リクルートエージェント
楽天カー株式会社,楽天Carの加盟店向けコンサルティング営業 -新規事業「オート×EC」領域推進,東京都 世田谷区 二子玉川駅,年収400万円～600万円,10日前,doda
株式会社リステア,EC事業部 営業／企画,東京都,公開していません,公開していません,NESTBOWL
株式会社ATスタッフ,営業事務／PC・データ入力／事務 17 30終業 フレックス·在宅勤務あり／EC運営アシスタント,東京都 港区 表参道駅 徒歩2分,"時給1,750円～1,850円",7日前,株式会社ATスタッフ
MSY株式会社,EC・通販向け営業,東京都 渋谷区 幡ケ谷駅,年収420万円～720万円,13日前,doda
株式会社viviON,営業職 自社サービス／ECコンサルタント／リモート可,東京都 千代田区,年収350万円～600万円,公開していません,リクルートエージェント
株式会社オイシエ,自社ECサイトへの出店者を獲得する営業活動／残業平均月10時間以内,東京都 千代田区,年収300万円～400万円,12日前,doda
楽天グループ株式会社,00011908ロジスティクス事業 営業課:EC物流サービスの提案営業,東京都 世田谷区 二子玉川駅 徒歩4分,年収450万円～800万円,公開していません,U29JOB
ルームクリップ株式会社,ECモールの新規出店営業 ソーシャルコマースの事業拡大に貢献,東京都 渋谷区,年収400万円～550万円,公開していません,リクルートエージェント
エクスプライス株式会社,家電設置サービスの法人営業／～急成長の家電ECサイト～,東京都 江東区,年収400万円～550万円,公開していません,パソナキャリア
株式会社GROOVE,営業経験者向け マネージャー 急成長中ECコンサル企業／年間休日120日,東京都 目黒区,年収520万円～710万円,公開していません,リクルートエージェント
LINE株式会社,コンサルティング営業／ECサービス,東京都 新宿区,公開していません,4日前,LINE株式会社
株式会社イディアス,ノベルティ製作EC グッズ製作進行／内勤営業／事務,東京都 武蔵野市 吉祥寺駅 徒歩1分,月給21万円～,3時間前,とらばーゆ
株式会社LTV-X,EC・通販事業者向けクラウドサービス営業 成約率高い反響営業 残業月20H,東京都 港区,年収550万円～700万円,11日前,doda
エヌアイエスフーズサービス株式会社,東京／営業・ECサイト管理 伊藤忠商事系食品商社／残業月20h,東京都 品川区,年収400万円～600万円,公開していません,リクルートエージェント
日本トータルテレマーケティング株式会社,ECサイト運営代行業務の営業職／年間休日128日,東京都 渋谷区,年収384万円～408万円,19日前,日本トータルテレマーケティング株式会社
Inagora株式会社,第2新卒／未経験歓迎!EC広告営業職 日本製品を世界へ,東京都 新宿区,年収500万円～800万円,29日前,リクルートエージェント
株式会社行雲商事,法人営業／リーダー候補 越境ECを中心とした多くの事業を展開,東京都 中央区,年収400万円～600万円,公開していません,リクルートエージェント
株式会社パソナ,EC・通販業界 営業アシスタント／その他事務／データ入力,東京都 渋谷区 渋谷駅 徒歩6分,"時給1,700円",12時間前,パソナJOBサーチ
株式会社ダイレクト・ホールディングス,法人営業 ～課題分析・戦略設計 EC・ダイレクトマーケティングに精通するプロ集団～,東京都 渋谷区 初台駅,年収400万円～600万円,19日前,doda
株式会社PTP,法人営業 通販・EC業界をデータドリブンな世界に変革／平均残業月20H程度,東京都 新宿区,年収450万円～800万円,公開していません,リクルートエージェント
株式会社求人ジャーナル ジャーナルコネクト,EC専門リユースの営業／府中,東京都 府中市,年収250万円～350万円,9日前,株式会社求人ジャーナル ジャーナルコネクト
エクスプライス,家電設置サービスの法人営業／～急成長の家電ECサイト～,東京都 江東区 東陽町駅 徒歩7分,年収400万円～550万円,公開していません,Green
株式会社出前館,ECサイト「仕入館」コンサルティング営業担当,東京都 新宿区 新宿駅 徒歩5分,年収350万円～700万円,公開していません,株式会社出前館
ヤフー株式会社,コマース広告営業～リモート可／～EC特化の営業部隊「ヤフーショッピング」等を運営,東京都 千代田区,年収500万円～900万円,13日前,doda
株式会社iDA,ECアシ&営業事務♯大人気アパレルブランド本社♪1800円～,東京都 港区 表参道駅 徒歩10分,"時給1,800円～1,900円",29日前,iDA
ダイアモンドヘッド株式会社,営業事務 EC販売アシスタント,東京都,公開していません,公開していません,ダイアモンドヘッド株式会社
株式会社マーケットエンタープライズ,営業デビュー歓迎! 営業職@首都圏 東証プライム上場企業／国内最大級のEC専門リユース企業,東京都 北区                                                                                                                                                                その他 (2),公開していません,6時間前,エージェントパーク
株式会社フォービス,他業界出身歓迎! ITコンサルティング営業／ECサイトに特化／リモート勤務,東京都 港区,年収400万円～600万円,公開していません,リクルートエージェント
パーソルエクセルHRパートナーズ,ECサイト関連 一般事務・OA事務 営業事務,東京都 港区 外苑前駅 徒歩6分,"時給1,900円",公開していません,パーソルエクセルHRパートナーズ
株式会社イーゼ,自社製品 ECサイト構築システムのセールス・営業企画等,東京都 千代田区 御茶ノ水駅 徒歩8分,年収300万円～800万円,5日前,Green
株式会社ウブン,未経験／第二新卒歓迎 Amazon特化のECコンサルティング営業 マーケを学べる,東京都 港区,年収300万円～,1日前,リクルートエージェント
株式会社灯火,営業／企画営業 ECの営業,東京都 品川区,年収550万円～850万円,公開していません,株式会社灯火
株式会社アサーティブ,「首都圏・大阪／未経験OK!買取営業」国内最大級のEC専門リユースビジネス 東証一部上場／賞与年2回,東京都 江東区 東陽町駅 徒歩10分,公開していません,公開していません,株式会社アサーティブ
株式会社クレヴァシステムズ,ECプロダクト営業～戦略的な幅広い提案が可能～,東京都 港区 芝公園駅,年収370万円～600万円,19日前,doda
株式会社アンフィニー,営業／企画営業 チャレンジしたい方必見!急成長ECソリューション「楽楽リピート」「楽楽B2B」をドラ...,東京都 港区,年収400万円～600万円,15日前,株式会社アンフィニー
ホンリー国際株式会社,営業スタッフ・ECサイト運営会社,東京都 港区 赤坂駅 徒歩5分,月給20万円～,公開していません,ホンリー国際株式会社
株式会社コマースニジュウイチ,IT法人営業 ルートセールス・ECサイト構築で業界トップクラスの自社製品,東京都 港区,年収450万円～600万円,23日前,リクルートエージェント
豊通食料株式会社,ワイン営業・販売促進・EC運営 豊田通商100%子会社／年休124日／在宅勤務可,東京都 港区,年収445万円～531万円,公開していません,リクルートエージェント
株式会社ファインドスター,コンサルティング営業職 マーケの基礎を未経験から学べる! 経営ノウハウやビジネススキルがつき将来的な...,東京都 千代田区,年収430万円～550万円,5時間前,エージェントパーク
株式会社ピアース,靴の企画営業 ECサイト運営,東京都 台東区 浅草駅 徒歩7分,月給23万円～,公開していません,株式会社ピアース
株式会社モリダイラ楽器,楽器関連EC運営 及び営業企画アシスタント,東京都 千代田区 神田駅,"月給22万5,000円～30万円",公開していません,株式会社モリダイラ楽器
株式会社カカクコム,EC事業企画プロデューサー ～営業利益率30%越の安定経営～,東京都 渋谷区 渋谷駅,年収650万円～800万円,11日前,doda
株式会社CIN GROUP,ECサイトの営業アシスタント,東京都 渋谷区 神泉駅 徒歩5分,年収300万円～,16日前,株式会社CIN GROUP
株式会社with,ECの営業,東京都 品川区,年収550万円～850万円,公開していません,株式会社with
フィスラージャパン株式会社,ドイツ製調理器具のEC営業,東京都 千代田区 御茶ノ水駅 徒歩9分,"月給45万8,333円～",公開していません,フィスラージャパン株式会社
株式会社ホワイトワンプラス,販売店の店長／マネージャー ECショップ企画営業・運営,東京都 渋谷区,月給24万円～33万円,公開していません,株式会社ホワイトワンプラス
株式会社食文化,こだわりの食のECサイトの営業事務サポート,東京都 江東区 市場前駅 徒歩3分,"時給1,100円～1,500円",公開していません,株式会社食文化
株式会社シックスティーパーセント,海外ファッションECのブランドサクセス!サポートから企画提案営業までお任せ,東京都 渋谷区,年収400万円～700万円,14日前,READY TO FASHION
株式会社ゴールデンブル,法人営業 : 海外に向けてEC事業拡大のため新規のメーカーや問屋などの開拓業務,東京都 豊島区 池袋駅 徒歩5分,月給20万円～35万円,公開していません,株式会社ゴールデンブル
ワイエイシイホールディングス株式会社,ECアパレル向けの自動機の営業職,東京都 昭島市 昭島駅,年収400万円～600万円,15日前,doda
株式会社インターファーム Dt.Clauder’...,ECサイト運営、専門家ルート営業,東京都 中央区 東銀座駅,月給23万円～35万円,公開していません,株式会社インターファーム
株式会社セガ,MD営業企画／自社ECサイト運営,東京都 品川区 大崎駅,年収300万円～500万円,公開していません,Geekly
ゾタンダ合同会社 代々木事務所,韓国ECサイト営業事務アシスタント,東京都 渋谷区 南新宿駅 徒歩5分,"時給1,250円～1,500円",公開していません,ゾタンダ合同会社
株式会社NEXT81,香港向け越境ECサイトの貿易業務及び法人営業,東京都 千代田区 麹町駅 徒歩2分,月給30万円～50万円,公開していません,株式会社NEXT81
LDG,ECサイトの企画提案営業募集,東京都 大田区,年収350万円～,公開していません,LDG
株式会社フューチャー・コミュニケーションズ,内勤営業・カウンターセールス ECサイト支援サービスのインサイドセール／完全週休2日／残業ほぼなし,東京都 中央区,"時給1,800円～",公開していません,株式会社フューチャー・コミュニケーションズ
株式会社Creative Innovation,「ECサイト構築」「SNS運用」法人営業,東京都 台東区 浅草駅 徒歩9分,月給23万円～33万円,公開していません,株式会社Creative Innovation
株式会社カーペイディーエム,貿易／英文／国際事務 海外向けオンライン輸出ビジネス×車 商社での総合職募集 マーチャンダイジング,東京都 渋谷区,月給24万円～,5日前,株式会社カーペイディーエム
株式会社メテオ,医学系総合ECサイトの企画営業 経験者募集 転勤なし,東京都 千代田区 岩本町駅 徒歩2分,年収480万円～,6日前,マイナビ転職
株式会社スズキリビング,営業事務 ガス機器・住設機器のECサイトの業務サポートスタッフ,東京都 東大和市 東大和市駅 徒歩10分,"時給1,100円～",1日前,株式会社スズキリビング
Bizネクストジャパン株式会社 事業開発課,提案営業STAFF 業界・職種未経験可 国内最大級のEC専門リユース品の買取・販売,東京都 府中市,"月給22万1,000円～",4日前,Bizネクストジャパン株式会社事業開発課
トゥルーコンサルティング株式会社,営業／企画営業 EC・通販会社を対象としたコンサルタント,東京都 港区,年収300万円～400万円,公開していません,トゥルーコンサルティング株式会社
株式会社綿半ドットコム,ルートセールス PCボンバーでおなじみの綿半ドットコムから法人EC販売の法人顧客向け営業担当の募集で...,東京都 墨田区,月給22万円～33万円,8日前,株式会社綿半ドットコム
アンファー株式会社,業界不問 国内営業担当 Dクリニック事業部／月残業平均20H／ECで売上拡大中,東京都 千代田区,年収450万円～700万円,14日前,リクルートエージェント
野口倉庫株式会社,未経験歓迎!取引先は大手ECサイト!運輸部の営業手当も充実,東京都 板橋区 西高島平駅 車10分,"月給21万3,000円～27万5,000円",公開していません,マイナビ転職
日本ウェア・ハウス株式会社,事務 営業 ECサイト 運営,東京都 板橋区 志村坂上駅 徒歩7分,月給21万円～45万円,3日前,タウンワーク
ヒビノメディアテクニカル株式会社,映像・音響機材の提案営業 EC事業部,東京都 江東区 東雲駅 徒歩3分,月給22万円～27万円,6日前,マイナビ転職
株式会社つばめ急便 東京オフィス,営業／企画営業 運送や倉庫保管、EC物流案件獲得のためメーカー、商社など新規荷主企業への営業,東京都 中央区 築地市場駅 徒歩3分,月給30万円～,公開していません,株式会社つばめ急便 東京オフィス
株式会社エムエイチジェイ,ECサイト運営・健康食品新規卸先営業,東京都 渋谷区,月給20万円～50万円,公開していません,株式会社エムエイチジェイ
株式会社ジェネレーションパス,ECサイト「リコメン堂」の仕入・営業,東京都 新宿区 西新宿駅 徒歩7分,月給25万円～50万円,公開していません,ハローワーク新宿
株式会社ピーシーあきんど,営業／企画営業 ECサイト仕入れ・販売のバイヤー営業,東京都 文京区 湯島駅,月給20万円～40万円,公開していません,株式会社ピーシーあきんど
weeee株式会社,EC業界のコンサルティング営業,東京都 千代田区 水道橋駅 徒歩3分,月給32万円～40万円,2日前,weeee株式会社
加藤憲G.R.S.株式会社,営業／企画営業 ECサイトの運営をする仲間を募集,東京都 中央区,"月給20万7,000円～",22時間前,加藤憲G.R.S.株式会社
株式会社月詠,営業事務 兼 ECプランナー,東京都 港区 麻布十番駅 徒歩3分,"時給1,200円～1,300円",公開していません,株式会社月詠
株式会社ゴルジャパン,営業アシスタント／EC運営補助,東京都 三鷹市 井の頭公園駅,"時給1,041円～",公開していません,株式会社ゴルジャパン
株式会社NOIAB,スタートアップを謳歌する!ゼロイチで急成長したいアパレル向けエンプラ営業,東京都 渋谷区,"時給1,200円～",1日前,READY TO FASHION
株式会社アイスタイルキャリア,通販・ECサイト運営,東京都 中央区,月給50万円～,公開していません,アットコスメキャリア
株式会社イートアンドホールディングス,ECサイト運営／WEBデザイナー／企画制作 在宅勤務OK,東京都 品川区 品川シーサイド駅,"月給25万2,000円～",20日前,リクナビNEXT
グリニッジ株式会社,在宅ワーク可 カスタマーサポート・営業アシスタント,東京都 港区 新橋駅,月給26万円～,6日前,リクナビNEXT
株式会社ワンプルーフ,ECディレクター・ECコンサルタント,東京都 新宿区 都庁前駅 徒歩5分,月給30万円～50万円,7時間前,楽天仕事紹介
株式会社SUPERSTUDIO,フィールドセールス／EC／SaaS／若手活躍中／CMで話題の急成長スタートアップ,東京都 品川区 目黒駅,年収650万円～850万円,公開していません,Geekly
株式会社homula,営業 セールスのリーダー,東京都 千代田区,年収500万円～800万円,8日前,READY TO FASHION
SBペイメントサービス株式会社,パートナー&ダイレクト営業,東京都 港区 竹芝駅,年収600万円～800万円,7日前,doda
株式会社エルゴジャパン,ECサイト責任者候補 運営・企画立案／裁量権を活かせる仕事,東京都 品川区 大崎駅 徒歩2分,月給30万円～39万円,6日前,リクナビNEXT
楽天スーパーロジスティクス株式会社,EC物流サービスの導入支援および運営管理 ワンデリバリー構想を掲げ事業を拡大中の成長企業,東京都 世田谷区 二子玉川駅 徒歩4分,月給25万円～,10日前,エン転職
SGフィルダー株式会社,新規EC事業責任者,東京都 江東区 東陽町駅 徒歩10分,年収650万円～920万円,5日前,SGフィルダー株式会社
LISUTO株式会社,自社サービスの法人営業 フルリモート,東京都 港区 六本木一丁目駅 徒歩5分,月給23万円～30万円,13日前,マイナビ転職
アイビーシステム株式会社,ECサイト制作・運営のWebディレクター 東京募集,東京都 豊島区 池袋駅 徒歩6分,月給23万円～28万円,公開していません,マイナビ転職
i-PRO株式会社,EC ビジネス推進担当 主任～係長クラス,東京都 港区,"月給27万1,300円～55万円",公開していません,日経転職版
株式会社CARTA HOLDINGS,アカウントエグゼクティブ／EC領域における販促戦略立案・コンサルティング／事業成長率250%,東京都,年収408万円～705万円,8日前,Spring転職エージェント
株式会社FID,コンサルティング営業,東京都 新宿区 新宿駅 徒歩8分,月給28万円～,10日前,U29JOB
トランスコスモス株式会社,ECショップ制作ディレクター,東京都 渋谷区,年収400万円～600万円,12日前,マイナビAGENT
田中商事株式会社,電設資材の総合卸商社でECサイト運営アシスタント,東京都 品川区 大森海岸駅 徒歩5分,年収400万円～500万円,2日前,マイナビ転職エージェントサーチ
株式会社オールアバウトライフマーケティング,ECコンサルタント／dショッピング事業,東京都 渋谷区 恵比寿駅,年収400万円～600万円,公開していません,Geekly
株式会社エスキュービズム,営業マネージャー候補,東京都 港区,"年収800万円～1,200万円",21日前,マイナビAGENT
株式会社東京毛織,年間休日120日以上 自社サイトに携わる!EC運営／転勤なし,東京都 渋谷区 幡ケ谷駅 徒歩1分,月給26万円～,19日前,リクナビNEXT
オプテックエクスプレス株式会社,国際物流サービス リーダー・マネージャー候補 営業,東京都 港区 新橋駅,月給28万円～42万円,20日前,リクナビNEXT
IAAZAJホールディングス株式会社,EC運用／Shirley Temple,東京都,年収280万円～400万円,19日前,フォーピープル
FAST BPO株式会社,営業マネージャー候補 地方創生 ネット通販 新規事業,東京都 世田谷区 上北沢駅,年収336万円～600万円,公開していません,かんたん応募
株式会社Fittio,有名ドイツ製キッチン用品ブランドのEC運営求人,東京都 千代田区,"時給～1,900円",公開していません,Fittio
株式会社Kiva,営業企画マネージャー,東京都 世田谷区,"年収600万円～1,000万円",3日前,ワークポート
株式会社イングリウッド,テックソリューション オフライン広告営業,東京都 渋谷区 神泉駅 徒歩4分,年収400万円～700万円,1日前,CREATIVE JOB
アスニカ株式会社,インターンシップ／事業立ち上げ!経営陣から直接学び圧倒的成長ができる営業インターン,東京都 品川区 五反田駅 徒歩8分,"時給1,100円～",4日前,ゼロワンインターン
システム・シャイン・サービス株式会社,ECサイト 発送作業スタッフ,東京都 豊島区 東長崎駅 徒歩5分,"時給1,100円～1,650円",公開していません,楽天仕事紹介
株式会社Nint,toB向け自社ECデータサービス「Nint」,東京都 新宿区,年収600万円～900万円,9日前,リクルートエージェント
株式会社キュー,卸営業／V12,東京都 渋谷区,年収300万円～600万円,11日前,フォーピープル
株式会社ecbeing,Eビジネス営業 1社1社のナーチャリングからクロージングまでお任せ,東京都 渋谷区,年収400万円～600万円,公開していません,リクルートエージェント
株式会社エヌビー社,老舗文具メーカーで文具に囲まれた営業事務職,東京都 荒川区 三河島駅 徒歩8分,月給21万円～,19日前,リクナビNEXT
株式会社ハックルベリー,広告運用プランナー／EC向けSaaS開発・運営やECサイト構築企業,東京都 渋谷区,"年収300万円～1,200万円",12日前,doda
インタセクト・コミュニケーションズ株式会社,中国語を活かす中国越境EC担当,東京都 千代田区,月給26万円～35万円,5日前,やまとごころキャリア
株式会社AMS,マーケティング アパレル業界向けECサイト運営企業 退職金あり 転勤なし,東京都 品川区 目黒駅 徒歩7分,"月給34万6,859円～",3日前,エン転職
株式会社デジタル・ブレイン,SES営業 残業平均10h／完全週休2日制,東京都 中央区 八丁堀駅 徒歩2分,月給33万円～51万円,公開していません,マイナビ転職
株式会社Brandit,ECコンサルタント,東京都,年収350万円～550万円,公開していません,NESTBOWL
株式会社R's,新規ECショップオープンにつきディレクター候補を高待遇で大募集,東京都 豊島区 池袋駅 徒歩4分,月給25万円～40万円,公開していません,楽天仕事紹介
ロジソーコ,営業や事業企画推進,東京都 渋谷区 渋谷駅 徒歩5分,年収428万円～728万円,6日前,ロジソーコ
TIS株式会社,DX・デジタルマーケティングとOMO・ユニファイドコマース領域を担当する営業職,東京都,"年収400万円～1,200万円",9日前,Spring転職エージェント
BEENOS株式会社,東南アジアECの企画運営／グローバル展開中の国内最大手越境EC企業,東京都,年収500万円～700万円,公開していません,Spring転職エージェント
株式会社キューブ,EC運用／MARK&LONA、HORN GARMNT、gravis golf,東京都,年収350万円～,17日前,フォーピープル
パーソルテンプスタッフ株式会社,ECサイトの運営+受注処理,東京都 台東区 仲御徒町駅 徒歩2分,"時給1,700円～1,750円",公開していません,ジョブチェキ！
株式会社unbot,営業リーダー候補,東京都 品川区 五反田駅,年収400万円～650万円,5日前,Green
株式会社ハルタ,「ローファーのハルタ」のECサイト運営・販売促進／残業なし,東京都 台東区 浅草駅 徒歩9分,"月給19万5,000円～",28日前,doda
株式会社デザツク,EC運営スタッフ 月給26万円～ 原宿駅徒歩30秒 一部上場や有名企業多数,東京都 渋谷区 原宿駅 徒歩1分,月給26万円～,23日前,女の転職type
株式会社Eストアー,営業,東京都 港区,年収450万円～700万円,公開していません,リクルートエージェント
しるし株式会社,既存営業 12兆円市場を攻める急成長ベンチャー,東京都 渋谷区,年収400万円～800万円,1日前,リクルートエージェント
サヴァリ株式会社,ECコンサルタント,東京都 中央区,月給24万円～40万円,公開していません,【公式】ワーママ転職ならママリブラ
株式会社Free Spark,営業職 昨年対200%成長中!Webマーケツール,東京都 港区 白金高輪駅 徒歩9分,月給25万円～,19日前,リクナビNEXT
株式会社スミフルジャパン,ECサイト運営 在宅勤務OK 「甘熟王」や「甘熟王ゴールドプレミアム」などを販売する有名企業,東京都 新宿区 西新宿五丁目駅 徒歩5分,"月給22万5,000円～",21日前,エン転職
株式会社TRYANGLE,Webディレクター／ECディレクター／テレワーク活用／年俸350〜650万円／年間休日120日以上,東京都 新宿区,年収350万円～650万円,公開していません,CONNECT ANSWER
株式会社ピュアフラット,リモートワーク可／楽天市場等のEC運用コンサル／1社に深く寄り添う～,東京都 港区,年収400万円～600万円,19日前,doda
株式会社マイナビ,自社ECサイトのプロデューサー,東京都 千代田区,年収500万円～800万円,29日前,マイナビAGENT
ウェブスタッフ株式会社,リモート可 時短OK 医療専門ECサイトのプロモーション担当,東京都 千代田区 溜池山王駅 徒歩2分,"時給1,600円～1,800円",18日前,エン派遣
LDJ貿易株式会社,営業・仕入れ業務,東京都 荒川区 三河島駅,月給20万円～40万円,公開していません,楽天仕事紹介
アイテック阪急阪神株式会社,ソリューション営業,東京都 港区 浜松町駅 徒歩4分,年収400万円～650万円,20日前,U29JOB
株式会社スクロール360,ソリューション営業,東京都 品川区,月給22万円～30万円,26日前,ヤマハ発動機ビズパートナー
株式会社今与,営業 未経験歓迎／月給27万円～／創業161年の老舗企業,東京都 台東区 御徒町駅 徒歩7分,"月給27万690円～32万5,560円",21日前,エン転職
株式会社清長,提案営業 在宅勤務可&Web商談メイン／1都3県のコワーキングスペース利用し放題／新規なしの反響営業,東京都 千代田区 御茶ノ水駅 徒歩2分,年収400万円～,14日前,エン転職
TOKYO BASE,"EC運用／STUDIOUS,UNITED TOKYO,PUBLIC TOKYO",東京都,年収400万円～850万円,公開していません,フォーピープル
スターフィールド株式会社,越境ECシステムをゼロから開発したいフロントエンドエンジニア!永続的リモートワーク中,東京都 新宿区 高田馬場駅 徒歩5分,年収350万円～630万円,14日前,Find Job!
ネイチャーワールド株式会社,癒しを与える“フラワーエッセンス”を広める ECサイト運営,東京都 江東区 東陽町駅 徒歩3分,月給20万円～,19日前,リクナビNEXT
株式会社LIFE DESIGN COMPANY,ECサイト運用社員募集,東京都 港区 六本木一丁目駅,年収300万円～,17日前,かんたん応募
コーンズグループ,事務職 トレーディング ライフスタイルグッズEC担当スタッフ,東京都 港区 芝公園駅 徒歩1分,年収450万円～500万円,8日前,コーンズグループ
CTCエスピー株式会社,ビジネス開発営業部,東京都 港区 神谷町駅,年収450万円～550万円,6日前,Green
株式会社ソロモン商事,年間休日126日 グッズのECサイト運営 残業ほぼなし,東京都 千代田区 飯田橋駅 徒歩6分,月給37万円～,9日前,マイナビ転職
株式会社ミスミグループ本社,EC企画開発,東京都 文京区,年収450万円～700万円,2日前,ELITE Network.
株式会社RDサポート,ECサイトの運営業務／食品商社,東京都 千代田区 神保町駅 徒歩4分,"時給1,750円",19日前,RD SUPPORT 人材派遣
株式会社リクルートスタッフィング,営業・企画営業,東京都 世田谷区 二子玉川駅 徒歩4分,"時給1,800円～",7日前,リクルートスタッフィング
株式会社豊田貿易,EC運用／LARDINI JAPAN,東京都,年収300万円～420万円,24日前,フォーピープル
株式会社ゴゴジャン,ECサイト利用者対象のマーケティングスタッフ,東京都 文京区 本郷三丁目駅 徒歩6分,"時給1,350円～",23時間前,タウンワーク
株式会社クニエ,ECサイト構築企画およびデジタルマーケティング領域の設計・業界リサーチ,東京都,"年収500万円～1,800万円",公開していません,Spring転職エージェント
株式会社仙台銘板,ECサイト運営スタッフ,東京都 台東区 上野駅,年収350万円～480万円,19日前,doda
株式会社ビースタイル,プランナーと営業担当とコミュニケーションを取りながら取り組んでいただきます,東京都 渋谷区 渋谷駅 徒歩3分,"時給2,800円",19日前,しゅふJOBスタッフィング
picki株式会社,EC運用,東京都,年収300万円～600万円,公開していません,フォーピープル
マガシーク株式会社,ファッションECコンサル～アパレル業界に知見のある方歓迎／クライアントECの売り上げに貢献～,東京都 千代田区 半蔵門駅,年収450万円～750万円,12日前,doda
株式会社ヒト・コミュニケーションズ,東京／営業 旅行業界担当／プライム市場上場G!25期連続増収,東京都 豊島区,年収350万円～450万円,18日前,リクルートエージェント
株式会社東亜産業,成長メーカーでの法人営業,東京都 千代田区,月給25万円～,55分前,リクナビNEXT
株式会社フォーミックス,ECサービスのセールスマーケティング,東京都 品川区 天王洲アイル駅,年収500万円～700万円,15日前,doda
株式会社ディンプル,ギフトセレクトショップECサイトから注文対応／週3～／長期,東京都 港区 広尾駅 徒歩3分,"時給1,300円～",20日前,DIMPLE
神広企画株式会社,広告企画営業,東京都 港区 六本木一丁目駅 徒歩8分,年収350万円～500万円,10日前,Green
株式会社TOKYO BASE,TOKYO BASE／ECサイト運営／各ブランドで積極採用中,東京都 港区,年収400万円～700万円,8日前,READY TO FASHION
w2ソリューション株式会社,フィールドセールス EC開発向けソリューション／売上成長率120%以上,東京都 中央区,年収400万円～650万円,9日前,リクルートエージェント
株式会社レスプリ,代理店営業／リーダー候補,東京都,年収400万円～600万円,公開していません,エン エージェント
アデコ株式会社,正社員登用あり／有名音響機器メーカーでEC運用管理,東京都 渋谷区 原宿駅 徒歩4分                                                                                                                                                                その他 (11),"時給1,700円～",1日前,Adecco 派遣
株式会社フルスピード,EC サイトWeb ディレクター,東京都 渋谷区 渋谷駅,年収450万円～850万円,公開していません,Geekly
株式会社ジュート,WEB／ECの店長候補 経験者 年間休日126日 賞与最大年3回,東京都 世田谷区 成城学園前駅 徒歩6分,月給28万円～30万円,公開していません,楽天仕事紹介
アズノゥアズ,EC／サイト運営／as know as de base／アズノゥアズ本社,東京都 目黒区 駒場東大前駅 徒歩10分,"月給23万円～37万5,000円",公開していません,TWC
株式会社イマプレ,ECサイト開発・保守 経験不問,東京都,月給25万円～60万円,14日前,かんたん応募
トーテックアメニティ株式会社,システム提案営業,東京都 新宿区,年収420万円～600万円,15日前,doda
株式会社ゴールディ,EC運用／GOLDY,東京都 渋谷区,年収350万円～500万円,公開していません,フォーピープル
株式会社SUPER STUDIO,法人向けECプラットフォーム「ecforce」のフィールドセールス／導入企業数500ショップ超～,東京都 品川区 目黒駅,年収650万円～850万円,16日前,doda
Septeni Japan株式会社,ECプラットフォーム広告戦略／運用コンサルタント,東京都,年収450万円～700万円,2日前,Spring転職エージェント
株式会社ソフトクリエイトホールディングス,ITソリューション営業,東京都 渋谷区 渋谷駅,年収400万円～850万円,公開していません,Geekly
ココネ株式会社,急成長中!ECサイトグラフィックデザイナー募集,東京都,年収350万円～500万円,15日前,Spring転職エージェント
PCI-NK-プロジェクト,既存顧客管理営業・乃木坂事務所,東京都 港区 乃木坂駅 徒歩3分,年収350万円～500万円,公開していません,PCI-NK-プロジェクト
株式会社Crescent,ECコンサルタント,東京都 千代田区 麹町駅 徒歩2分,年収300万円～420万円,公開していません,Green
ヤマト運輸株式会社,大手ECモールのフルフィルメントセンター責任者候補,東京都 港区 虎ノ門駅,"年収1,000万円～1,800万円",16日前,doda
アンカー・ジャパン株式会社,営業アシスタント,東京都 千代田区 新御茶ノ水駅 徒歩2分,年収400万円～,10日前,Green
株式会社ボディーシェイク,社長を含め3人+犬1匹の会社でEC運営／OEM,東京都 目黒区,月給25万円～,14日前,READY TO FASHION
トランス・コスモス株式会社~プライム市場上場企業～,ECサイト導入プロジェクトマネジャー クライアントのEC事業成長を支援,東京都 渋谷区 渋谷駅 徒歩2分,"年収800万円～1,200万円",20日前,doda
株式会社MAISON SPECIAL,正社員【メゾン スペシャル】ECショップ マネージャー募集,東京都 渋谷区 北参道駅,年収440万円～600万円,29日前,iDA
株式会社ペイジェント,営業職 NTTデータと三菱UFJニコスの安定基盤,東京都 渋谷区,年収400万円～700万円,22日前,リクルートエージェント
株式会社ハイマウント,ECサイト運営,東京都 中央区 人形町駅 徒歩2分,公開していません,7日前,マイナビ転職エージェントサーチ
株式会社フォーピープル,プレス・広報／アパレルECアカデミー／FashionTuesday,東京都 渋谷区,公開していません,24日前,フォーピープル
ニッキー株式会社,法人営業幹部候補生を求人,東京都 台東区,年収400万円～,29日前,READY TO FASHION
GMOコマース株式会社,SNSやWeb広告を活用した集客支援のコンサルティング営業,東京都 渋谷区 渋谷駅 徒歩1分,月給30万円～,公開していません,doda
株式会社チャンピオン,EC運用,東京都,年収300万円～600万円,24日前,フォーピープル
株式会社メガリンク,プロジェクトマネージャー／リーダー ECサイトのご依頼多数／大手企業の案件あり,東京都 港区 表参道駅,年収500万円～900万円,19日前,doda
vivit株式会社,営業マネージャー候補,東京都 品川区 目黒駅,年収700万円～900万円,公開していません,Geekly
MARK STYLER株式会社,店長からのキャリアアップ歓迎／dazzlinの営業担当,東京都 渋谷区,月給23万円～33万円,14日前,READY TO FASHION
株式会社WAKUWAKU,加盟店開発営業,東京都 目黒区,年収400万円～750万円,公開していません,パソナキャリア
株式会社ファッションヴィレッヂ,新規事業部開設!レディースアパレルの営業／月給35万円～,東京都 中央区,月給35万円～,20日前,リクナビNEXT
株式会社コスメ・デ・ボーテ,自社ブランド化粧品のEC運営・制作ディレクション／経験者歓迎,東京都 渋谷区 恵比寿駅 徒歩5分,月給25万円～,公開していません,doda
株式会社テクセット,EC管理・運営担当／寝具を中心としたインテリア商材,東京都 港区,年収400万円～550万円,公開していません,リクルートエージェント
株式会社ハイパードライブ,法人営業職,東京都 港区 日の出駅 徒歩2分,年収400万円～900万円,1日前,Green
株式会社イーグル,ECサイトの社内システム開発エンジニアとして「開発・保守・運用」をお任せ,東京都 港区 表参道駅 徒歩8分,月給30万円～40万円,公開していません,楽天仕事紹介
株式会社マツモトキヨシ,オンラインビジネス／マツモトキヨシグループ ECサイト設計、構築エンジニア,東京都 千代田区 御茶ノ水駅 徒歩2分,年収500万円～800万円,公開していません,株式会社マツモトキヨシ
株式会社ペガサスグローバルエクスプレス,未経験OK 国際運送代行会社での提案営業,東京都 江東区 新木場駅 徒歩12分,"月給19万6,000円～23万円",14日前,はたらいく
株式会社WCA,Webディレクター 在宅相談可／スタンダード上場G／EC総合支援サービス,東京都 港区,年収450万円～650万円,10日前,doda
パーソンアンドピープル,企画営業,東京都,年収360万円～500万円,15日前,フォーピープル
エレコム株式会社,Webデザイナー ECサイトに掲載する画像制作を担います,東京都 千代田区 市ケ谷駅 徒歩3分,"月給19万2,500円～",28日前,エン転職
富士通株式会社,EC企業向けビジネスプロデューサー,東京都 港区,年収400万円～800万円,15日前,マイナビAGENT
株式会社Proteinum,ECコンサルタント 元楽天メンバー創業／大手クライアントとの直取引案件多数,東京都 渋谷区,"年収600万円～1,000万円",公開していません,リクルートエージェント
サイジニア株式会社,ソリューション営業,東京都 港区,年収350万円～650万円,公開していません,パソナキャリア
ファインズ東京,EC デジタルマーケティング,東京都 新宿区,年収400万円～500万円,5日前,ファインズ東京
株式会社飛躍,ECコンサルタント 越境ECの領域で世界NO.1の「Shopify」実績トップクラス,東京都,"年収400万円～1,040万円",公開していません,リクルートエージェント
株式会社スタッフサービス,残業少なめ!駅近オフィス!営業事務!在宅あり,東京都 港区 虎ノ門駅 徒歩1分,"時給1,650円～1,700円",6日前,オー人事.net
株式会社エスティーム,事業・業務推進 業界不問・営業歓迎／在宅勤務週2・3日／昨対比130%成長,東京都 中央区,年収300万円～480万円,13時間前,doda
株式会社三越伊勢丹ビジネス・サポート,法人営業 ～三越伊勢丹Gの物流の中核を担います～外部にも販路拡大中,東京都 新宿区,年収400万円～600万円,公開していません,リクルートエージェント
株式会社キャッチボール,後払い決済サービスの提案営業,東京都 品川区,年収350万円～450万円,12日前,doda
株式会社ライフェックス,フィールドセールス ～成長著しいECビジネス・フレックス制・リモート可～,東京都 千代田区 水道橋駅,年収400万円～600万円,10日前,doda
株式会社メイテック,東日本エリア／営業課長 プライム上場／日本のモノ作りを支える,東京都 千代田区,年収600万円～800万円,公開していません,リクルートエージェント
株式会社スタイルワン,日用品商社の営業職 仕入れから卸まで一貫して携われる,東京都 渋谷区 渋谷駅,年収300万円～360万円,14日前,doda
株式会社Yakudo,ECサイト開発,東京都 品川区,月給70万円～90万円,21時間前,modis
CORNES &COMPANY LIMITED,キッチン・ライフスタイルグッズを展開する自社EC担当,東京都 港区,年収450万円～500万円,8日前,READY TO FASHION
FTF株式会社,音楽関連商材の法人様向け営業企画の戦略立案、推進マネージャー候補募集,東京都 渋谷区 渋谷駅,"時給1,050円～1,565円",7日前,かんたん応募
クルーズ株式会社,SHOPLIST.comの新規ブランド開拓営業,東京都 渋谷区 恵比寿駅 徒歩1分,年収400万円～600万円,公開していません,Green
株式会社パレンテ,EC店舗における販売戦略立案～実行担当,東京都 渋谷区 渋谷駅 徒歩5分,年収429万円～729万円,19日前,doda
株式会社シーヴァ,化粧品通販会社の営業事務,東京都,年収325万円～390万円,公開していません,Spring転職エージェント
株式会社ウィルオブ・ワーク コール,広告・ECサイト運営会社での受注事務,東京都 渋谷区,"時給1,500円",4日前,エン派遣
Y'S,グローバルEc英語翻訳スタッフ,東京都,"時給1,050円～",23日前,FashionJobs.com
株式会社クリーク・アンド・リバー社,交通費支給 有名寝具メーカーでのECサイトディレクション担当を募集いたします,東京都 中央区,"時給1,600円～2,000円",2日前,CREATIVE JOB
株式会社ジャストファイン 新宿第二オフィス,人気企業で営業事務のオシゴト,東京都 渋谷区 渋谷駅 徒歩5分,"時給1,650円",22日前,エン派遣
アイア株式会社,レディースアパレルの自社ECサイト運営アシスタント,東京都 渋谷区,"時給1,050円～",14日前,READY TO FASHION
株式会社キャリアデザインセンター,ECサイト運営スタッフ,東京都 港区 外苑前駅 徒歩4分,"時給2,000円～",5日前,株式会社キャリアデザインセンター
株式会社ストライプインターナショナル,EC運営を通じて有名ブランドの成長を推進～,東京都 中央区,年収325万円～451万円,2日前,リクルートエージェント
株式会社JAPANNEXT,法人営業職,東京都 千代田区 秋葉原駅,年収500万円～700万円,13日前,doda
株式会社グローバルウェイ,IT営業,東京都 港区 浜松町駅 徒歩6分,年収400万円～600万円,22日前,キャリコネ転職
株式会社ヘルスベイシス,「在宅ワーク／フリーランス」Goエンジニア 大手ホームセンターのECシステム構築,東京都 大田区 大森駅,月給70万円～90万円,3日前,かんたん応募
株式会社サンアンドサン,商品企画スタッフ・ECショップ作成スタッフ,東京都 千代田区 秋葉原駅 徒歩8分,月給25万円,公開していません,はたらくぞドットコム
プラネックスコミュニケーションズ株式会社,未経験営業,東京都 目黒区,年収303万円～490万円,公開していません,マイナビAGENT
株式会社アペルザ,営業,東京都,年収400万円～550万円,公開していません,パソナキャリア
株式会社コスモストーク,即～開始 EC系プロダクト改修業務支援,東京都 品川区,月給75万円～85万円,21時間前,modis
"株式会社Zeal,inc.",営業 兼 生産管理,東京都 渋谷区 北参道駅,公開していません,7日前,クリーデンス
株式会社WSP,自社開発のオリジナルコスメシリーズの営業ポジション幹部候補を募集,東京都 中央区,年収350万円～600万円,5日前,株式会社WSP
株式会社ライフインテリジェンス,ECサイトの運営スタッフ 未経験でも月給24万7000円以上／広尾に駅チカ社員寮あり,東京都 中央区 銀座駅 徒歩1分,"月給24万7,000円～",21日前,エン転職
株式会社サンクラウド,営業企画 アパレル雑貨の卸OEM・ODM／自社ZOZOブランド／衛生用品にも注力,東京都 中央区,年収380万円～600万円,16日前,doda
株式会社ファッション・コ・ラボ,ソリューション営業部 アカウントマネージャー職,東京都 渋谷区,公開していません,21日前,マイナビAGENT
ゼビオコミュニケーションネットワークス株式会社,EC物流／輸配送業務担当 幹部候補／プライム市場上場Gr／裁量大／キャリアUP可,東京都 千代田区,年収500万円～800万円,公開していません,リクルートエージェント
株式会社マイナビワークス,出版社で営業アシスタントのお仕事,東京都 千代田区 内幸町駅 徒歩5分,"時給1,600円",1日前,マイナビスタッフ 派遣
株式会社アンティローザ,事業拡大!ECアパレルブランドのPR／SNS運用スタッフ,東京都 品川区,月給21万円～,20日前,READY TO FASHION
株式会社ヤッホーブルーイング,EC事業マーケティング担当 東京勤務,東京都 中央区 銀座一丁目駅 徒歩5分,年収450万円～550万円,4時間前,Green
株式会社ジェムキャッスルゆきざき,ECサイト運営スタッフ／残業ほぼなし／有給取得率70%以上,東京都 港区 六本木駅 徒歩5分,"月給24万7,550円～",12日前,doda
株式会社パレモ,WEBショップ ECサイト／ECサイト及びアプリ・SNS運用スタッフ,東京都 中央区 小伝馬町駅 徒歩3分,月給20万円～25万円,23日前,株式会社パレモ
大王製紙株式会社,デジタルマーケ・EC運用担当,東京都 千代田区 飯田橋駅,年収400万円～600万円,7日前,doda
ボクブロック株式会社,ECサイトディレクター,東京都 千代田区 九段下駅 徒歩2分,年収300万円～700万円,公開していません,Green
株式会社ACWEB,ECサイト保守／追加開発,東京都 千代田区 神田駅,月給～90万円,2日前,modis
ハンファQセルズジャパン株式会社,ECサイト事業の管理・企画～裁量を持って販売製品の仕入れ・チャネル戦略企画などが可能～,東京都 港区 田町駅,年収500万円～600万円,17日前,doda
SCSK株式会社,ECビジネス企画／SaaS型自社プロダクト導入,東京都 江東区,年収500万円～900万円,公開していません,パソナキャリア
CROOZ EC Partners株式会社,ECサイトプロジェクトマネージャー ～SHOPLISTのクルーズグループ／年間休日127日～,東京都 渋谷区 恵比寿駅,年収450万円～600万円,7日前,doda
マスターピース・グループ株式会社,ECサイト運営／海外輸入食材 ブランディング・販売戦略立案などもお任せ 残業20H程度,東京都 港区 乃木坂駅,年収450万円～600万円,15日前,doda
ライフスタイルカンパニー株式会社,トレンドの海外コスメ・自社商品を全国に広める提案型営業,東京都 中央区 八丁堀駅 徒歩3分,月給25万円～40万円,6日前,リクナビNEXT
株式会社オープンロジ,ロジスティクス企画／営業: 27.5億円資金調達完了スタートアップ,東京都 豊島区,年収400万円～700万円,公開していません,リクルートエージェント
イーウォレット株式会社,営業事務 業界未経験OK／平均残業月20時間以下／リモートワーク可能,東京都 新宿区,年収392万円～,公開していません,リクルートエージェント
サングローブ株式会社,集客&採用の「完全反響Web営業」未経験可,東京都 新宿区 西新宿駅 徒歩5分,月給24万円～52万円,2日前,サングローブ株式会社
サンスター株式会社,デジタルマーケティング／営業企画職／オーラルケア商品,東京都,年収500万円～700万円,公開していません,サンスター株式会社
株式会社博報堂,グローバルECコンサルタント,東京都 港区 赤坂駅,"年収850万円～1,500万円",4日前,U29JOB
株式会社センシアコスメティック,センシアコスメ／自社コスメブランドのECサイト運営・企画,東京都 台東区 御徒町駅 徒歩5分,月給25万円～35万円,公開していません,MyBRANDS
パルコデジタルマーケティング,EC運用,東京都,年収400万円～700万円,公開していません,フォーピープル
マルダイ印刷有限会社,ECサイト・ホームページ運営～創業40年以上の老舗印刷企業／裁量権を持って働けます～,東京都 台東区 上野駅,年収400万円～600万円,15時間前,doda
株式会社ニューポート,スキンケアブランドのECサイト企画運営 将来的にサイト全権をお任せ／月収29万円以上／在宅勤務可,東京都 渋谷区 渋谷駅 徒歩2分,年収350万円～450万円,21日前,エン転職
株式会社YUYU,新規募集 卸営業／法人 月給25万～+業績給／20代～30代活躍中,東京都 墨田区 京成曳舟駅 徒歩8分,月給25万円～,公開していません,かんたん応募
GMOペイメントサービス株式会社,「GMO後払い」の提案営業 BtoB営業、パートナー営業,東京都 渋谷区 渋谷駅 徒歩4分,公開していません,15日前,Green
株式会社マッシュホールディングス,EC担当,東京都,年収360万円～550万円,2日前,Aidem Smart Agent 転職
ちふれホールディングス株式会社,ECサイトの運営担当者 ～大手化粧品メーカー／スキルアップ／安定した経営基盤／IPO準備中～,東京都 渋谷区 渋谷駅,年収400万円～520万円,11日前,doda
イツワ商事株式会社,東京／購買・在庫管理・EC販売 購買業務経験者歓迎／WEB面接可,東京都 台東区,年収350万円～450万円,8日前,リクルートエージェント
株式会社船井総研ホールディングス,EC事業の新規立上げのECコンサルタント,東京都 千代田区 東京駅,月給38万円～,23日前,マイナビ転職
株式会社トラストリッジ,バイヤー・MD 世界中のエシカル商品を取り扱うEC SHOP,東京都 渋谷区 代官山駅,年収500万円～800万円,公開していません,かんたん応募
株式会社良品計画,EC・アプリシステム構築,東京都 豊島区 東池袋駅,"年収500万円～1,000万円",6日前,doda
株式会社イデア・レコード,法人営業～飲食業界DX推進／資金調達5億円／完全週休二日／年間休日120日,東京都 新宿区 西武新宿駅,年収450万円～550万円,18日前,doda
株式会社メイキップ,自社WEBサービスの提案営業 自社開発プロダクト!自由な働き方,東京都 文京区,"年収600万円～1,080万円",14日前,リクルートエージェント
株式会社イッティ,芸能人タイアップ商品をテレビ・ECで販売!／管理マネジャー,東京都 渋谷区 渋谷駅 徒歩5分,月給30万円～,9日前,リクナビNEXT
株式会社ブロードリーフ,自社ECサイトの企画・運営担当,東京都 品川区 品川シーサイド駅,年収420万円～550万円,18日前,doda
株式会社Moffly,SaaS営業／カスタマーサクセス =ライブコマース導入実績No1,東京都 豊島区,年収600万円～800万円,22時間前,リクルートエージェント
株式会社アペックスライン,Web広告の提案営業／営業社員6割が未経験スタート 土日祝休,東京都 中央区 茅場町駅 徒歩5分,月給25万円～,13日前,リクナビNEXT
SB C&S株式会社,家電量販店本部営業,東京都 港区 竹芝駅 徒歩2分,年収379万円～540万円,6日前,U29JOB
有限会社エイチアイディ,マリンスポーツの専門店 ECカスタマースタッフ,東京都 渋谷区,月給20万円～,公開していません,スポジョバ
株式会社ミスミ,商品企画・調達・ECサイト販売 FA装置 分野 NEW,東京都 千代田区 飯田橋駅 徒歩5分,年収500万円～600万円,公開していません,U29JOB
株式会社ティービーアイ,AI×監視カメラシステムの法人営業 東京貿易グループ 実働7時間15分 Web面接OK,東京都 中央区 京橋駅 徒歩1分,月給24万円～,12時間前,エン転職
トマトランド株式会社,人気商品を世に広める卸売り部門の提案営業,東京都 豊島区 池袋駅 徒歩10分,月給25万円～40万円,公開していません,マイナビ転職
ウルカ株式会社,イベントグッズのECサイト運用年休120日以上 残業ほぼなし,東京都 新宿区 新宿駅 徒歩9分,月給25万円～30万円,16日前,マイナビ転職
イーブロードコミュニケーションズ株式会社,法人営業,東京都 中央区,年収350万円～500万円,7日前,ワークポート
株式会社エニグモ,オペレーション企画／EC運用ディレクター,東京都 港区 青山一丁目駅 徒歩3分,年収400万円～600万円,13日前,株式会社エニグモ
株式会社ネットテックス,Webサイトの提案営業 未経験OK! 前職不問 年休120日,東京都 渋谷区 渋谷駅 徒歩5分,月給25万円～40万円,12時間前,エン転職
オイシックス・ラ・大地株式会社,営業事務 週4 以上:残業ほぼなし!慣れればリモートOK／営業サポート事務スタッフ,東京都 品川区 大崎駅 徒歩5分,"時給1,200円～",7日前,オイシックス・ラ・大地株式会社
株式会社エルシーエス,家電などの卸販売・仕入れ 内勤営業 外回り／残業なし／土日祝休,東京都 新宿区 新大久保駅 徒歩1分,月給24万円～50万円,13日前,マイナビ転職
朝日電器株式会社,未経験歓迎 法人営業 年間休日125日・完全週休二日制・女性活躍,東京都 小平市 花小金井駅 バス8分,月給22万円～28万円,公開していません,PROSEEK
株式会社韓国人蔘公社ジャパン,自社ECサイト管理、WEBデザイン業務～裁量権／少数精鋭の組織～,東京都 新宿区 都庁前駅,年収360万円～510万円,20日前,doda
株式会社イー・エージェンシー,BS室営業,東京都 千代田区 有楽町駅 徒歩2分,年収550万円～700万円,2日前,Green
日本インサイトテクノロジー株式会社,パッケージソフトウェアを用いたECサイトの保守開発,東京都 中央区 東銀座駅,"年収500万円～1,000万円",12日前,doda
トレンドジャパン株式会社,「NIKE」など著名ブランドの正規輸入代理店／ブランドの営業戦略立案～実行まで,東京都 港区 外苑前駅,年収500万円～700万円,15日前,doda
株式会社東通メディア,法人営業 未経験歓迎／ネイル自由／業績賞与5年連続支給／奨学金返済支援あり,東京都 中央区 八丁堀駅 徒歩1分,月給27万円～30万円,6日前,女の転職type
株式会社ベネッセコーポレーション,コンサルティング型広告営業担当,東京都 新宿区 都庁前駅 徒歩1分,年収500万円～750万円,1日前,CREATIVE JOB
株式会社マイクロアド,法人営業 業界未経験OK／マーケティング課題をビックデータを用いて解決,東京都 渋谷区,年収384万円～550万円,14日前,リクルートエージェント
ヘイズ・スペシャリスト・リクルートメント・ジャパ...,2000円まで!EC運用経験者募集中,東京都 千代田区 秋葉原駅 徒歩3分,"時給1,800円～2,000円",25日前,エン派遣
株式会社塩田屋,飲食店への酒類の販売／ECサイト管理／SNSプロモーション,東京都 渋谷区 恵比寿駅 徒歩5分,月給22万円～25万円,6日前,doda
株式会社ドワンゴ,新規ECの立ち上げ責任者／ファンコミュニティ限定商品など取り扱い,東京都 中央区 東銀座駅,年収400万円～800万円,16日前,doda
株式会社COUNTERWORKS,完全反響 内勤営業／テナント向け 土日祝休／OJT制度有／業界注目ベンチャー,東京都 目黒区,年収360万円～480万円,7日前,リクルートエージェント
株式会社ネオ・ウィング,社員登用も可 EC業者向けの配送・マーケティング業務の支援サービスでのカスタマーサポート・事務,東京都 中央区 人形町駅 徒歩5分,"時給1,200円～",公開していません,楽天仕事紹介
ユアマイスター株式会社,法人事業企画営業～サービス産業のIT化プラットフォーム「ユアマイスター」～,東京都 世田谷区,年収600万円～900万円,13日前,doda
プレミアアンチエイジング株式会社,営業,東京都,年収500万円～650万円,25日前,彩職
ECマーケティング株式会社,コンサルティング営業 マーケティング領域／未経験第二新卒歓迎／大手案件,東京都 港区,年収300万円～500万円,8日前,リクルートエージェント
株式会社イメージ・マジック,企画営業 年間休日120日／転勤なし／既存顧客中心の営業／「プリント×IT」の新しいシステムを提案,東京都 文京区 後楽園駅 徒歩3分,月給20万円～,14日前,エン転職
三喜商事株式会社,自社ECサイトディレクター／リーダー候補,東京都 港区 外苑前駅,年収460万円～630万円,公開していません,Geekly
株式会社セフティライフ,法人営業,東京都 江東区,年収300万円～400万円,2時間前,株式会社セフティライフ
株式会社三木森,ECサイト運営・管理スタッフ,東京都 千代田区 末広町駅 徒歩1分,月給24万円～35万円,21日前,楽天仕事紹介
株式会社ディー・ティー・ピー,アパレル×IT／営業・販促企画 一生モノのスキルを得よう,東京都 港区 赤坂駅 徒歩2分,月給23万円～,20日前,リクナビNEXT
株式会社エス・グルーヴ,株式会社TSI EC部門 カスタマーサポート,東京都 品川区,年収250万円～350万円,8日前,READY TO FASHION
株式会社アイロックス,ヨガブランド「Manduka」の法人営業!ヨガ・トレーニングの知識を活かしたい方歓迎,東京都 渋谷区 原宿駅 徒歩6分,年収400万円～650万円,公開していません,楽天仕事紹介
株式会社シューズセレクション,提案営業 国内トップシェアブランド／資金調達をし事業拡大／WLB,東京都 渋谷区,年収450万円～600万円,公開していません,リクルートエージェント
PayPay株式会社,パートナー営業,東京都,年収450万円～800万円,公開していません,Spring転職エージェント
グローリー株式会社,ECサイト「アルモット」の事業推進担当者,東京都 千代田区,"年収500万円～1,000万円",16日前,リクルートエージェント
株式会社クルイト,営業 ママ向け商品を扱う企業のマーケ課題を解決!商品のプロモーション戦略設計～実行まで幅広く携われる,東京都 品川区,年収420万円～750万円,14日前,LIBZ
パソナ東京キャリアセンター,IT関連営業／部署アシスタント,東京都 渋谷区,"時給1,750円",11日前,イーアイデム
イオン・シグナ・スポーツ・ユナイテッド株式会社,スポーツビジネスを広めるスポンサード営業職／テレワーク一部可,東京都 中央区 小伝馬町駅 徒歩2分,月給23万円～,15日前,doda
株式会社RAPHAS JAPAN,自社工場を韓国・日本に構える 化粧品メーカーのルート営業,東京都 港区 三田駅 徒歩3分,月給25万円～40万円,23日前,リクナビNEXT
原田産業株式会社,WEBマーケティング クラフトビールのECプラットフォーム,東京都 千代田区,年収370万円～550万円,29日前,パソナキャリア
株式会社Glowkey,法人営業／LA創業企業／インポート商材専門商社／月35万円～,東京都 世田谷区 三軒茶屋駅 徒歩2分,月給35万円～,12日前,doda
株式会社О・E・C,建設会社の営業職,東京都 東大和市 上北台駅,月給20万円～40万円,23日前,株式会社О・E・C
インターノウス株式会社,営業／採用活動の継続支援、ITプロジェクト支援や当社研修事業の講師なども行って頂きます,東京都 港区,"年収350万円～1,200万円",10日前,マイナビ転職エージェントサーチ
株式会社キャスティングロード,セールスプロモーション系／企画営業,東京都 港区 六本木一丁目駅,"時給1,600円",18時間前,キャスティングロード
株式会社モダンブルー,貴重なバイヤーアシスタント経験ができます!「ラグジュアリーブランド×ECのバイヤーサポート業務」,東京都 港区 白金高輪駅 徒歩10分,"時給1,150円～1,200円",公開していません,かんたん応募
エヌシーアイ総合システム株式会社,ITコンサルタント 旅行ECサイトの開発でビジネス観点でのITを身に着ける,東京都 中央区,年収600万円～650万円,公開していません,リクルートエージェント
Tangerine株式会社,営業職 オフライン特化型の顧客マーケティングシステム／在宅勤務・副業可能,東京都 港区,年収700万円～900万円,18日前,doda
株式会社ストリートベンチャー,JavaScriptでECサイト追加開発,東京都 中央区 浜町駅 徒歩5分,月給50万円～55万円,3日前,マイベストジョブ
ランスタッド株式会社,有名!高級ブランド!ECサイトのサポート事務,東京都 千代田区 東京駅 徒歩10分,"時給1,850円",2日前,ランスタッド 事務・オフィスワーク
株式会社ANAP,オフィシャルECサイトAPP広告運用担当,東京都 港区 表参道駅 徒歩4分,月給24万円～40万円,21日前,U29JOB
株式会社フォーイット,企画営業／メディア担当,東京都 渋谷区 渋谷駅,年収380万円～600万円,公開していません,Geekly
株式会社ライノ,ホワイトマウンテニアリング／卸営業,東京都 渋谷区 代官山駅 徒歩8分,月給28万円～,公開していません,MyBRANDS
CROOZ SHOPLIST株式会社,ECソリューションセールスマネージャー,東京都 渋谷区,年収500万円～800万円,公開していません,リクルートエージェント
株式会社イー・ロジット,営業サポート,東京都 葛飾区 新小岩駅,年収350万円～500万円,16日前,doda
株式会社ナウい,営業・企画・販売,東京都 新宿区 高田馬場駅 徒歩3分,月給22万円～,19日前,求人Free
株式会社メディアワークス・ブルーム,TV通販販売商品の企画提案営業,東京都 港区 田町駅,年収350万円～550万円,3日前,doda
リアステージ,自社アプリの営業職,東京都 渋谷区,"年収500万円～1,200万円",28日前,リアステージ
株式会社アルク,長期インターン 英語教材で親しまれている「キクタン」の出版社でECサイト運営やWebマーケティングに...,東京都,"時給1,050円～",公開していません,株式会社アルク
Qrio株式会社,代理店営業,東京都 渋谷区 恵比寿駅 徒歩6分,年収400万円～720万円,2日前,U29JOB
株式会社ギャレット,"""ファッションが好き""という想いを活かす 企画営業 年休126日",東京都 渋谷区 恵比寿駅 徒歩4分,"月給26万円～36万5,000円",1日前,マイナビ転職
RECYCLE POINT TOKYO株式会社,営業事務サポート及びネットオークション出品スタッフ,東京都 八王子市,"時給1,050円",6時間前,JobOffer
SBI FinTech Solutions株式会社,法人営業 オンライン決済代行サービスの提案 安定と挑戦のハイブリッド企業 転勤無し,東京都 渋谷区 渋谷駅,年収381万円～450万円,15日前,doda
丸井織物株式会社,東京／営業 エンタメ業界で新しいグッズソリューション提案／新規メイン,東京都 品川区,年収400万円～840万円,公開していません,リクルートエージェント
マンパワーグループ株式会社,営業・企画営業・ラウンダー,東京都 目黒区,"時給1,900円",23時間前,マンパワーグループ 派遣・求人・転職のJOBNET
株式会社Kuqulu,法人営業～代表直下のポジション／リモート可能／BPOの受託拡大へ～,東京都 千代田区 市ケ谷駅,年収420万円～700万円,12日前,doda
株式会社BMファン,法人営業,東京都 中央区 馬喰横山駅,年収360万円～570万円,10日前,doda
株式会社メタップスペイメント,営業マネージャー候補 Salesforceを活用した効率的な営業の仕組み作り,東京都 港区,年収600万円～800万円,25日前,リクルートエージェント
株式会社揚羽,営業／総合制作会社,東京都 中央区,年収360万円～700万円,2日前,マスメディアン
七洋株式会社,これまでの経験を存分に活かす事ができる「営業事務」／月給25万円～+賞与年2回／髪色・服装自由,東京都 中央区 人形町駅,月給25万円～,公開していません,Office Lady
ハンズラボ株式会社,ECサイトの構築やポイント領域の開発・運用を担当するバックエンドエンジニア リモート勤務可,東京都 新宿区,年収400万円～600万円,12日前,doda
株式会社アクアヘリテージ,経験・学歴よりもポテンシャル重視!「ECサイト運営・販促企画」月給26万円～+賞与年3回,東京都 大田区 西馬込駅,月給26万円～35万円,公開していません,Office Lady
合資会社スカイホ-ス,ECサイト運営,東京都 台東区 三ノ輪駅 徒歩5分,月給30万円～50万円,公開していません,楽天仕事紹介
株式会社ラクス,法人営業 メールディーラー,東京都 渋谷区,年収471万円～522万円,公開していません,リクルートエージェント
株式会社ジーエークロッシング,大手アパレルメーカーのECサイト撮影スタッフ,東京都 港区 田町駅 徒歩10分,"月給22万2,200円～28万円",19日前,DXcareer
株式会社はばたーく,営業,東京都 中央区 新日本橋駅 徒歩1分,年収400万円～650万円,1日前,Green
株式会社駅探,Web広告営業,東京都 千代田区,年収300万円～425万円,2日前,パソナキャリア
株式会社ビィ・フォアード,物流営業 英語を活かせるチャンス! 働き方,東京都 調布市,年収420万円～500万円,14日前,リクルートエージェント
株式会社DOT ONE,営業事務,東京都 渋谷区 原宿駅,年収300万円～350万円,公開していません,Geekly
GMOペパボ株式会社,営業責任者／「minne」などを運営,東京都 渋谷区 渋谷駅,"年収700万円～1,000万円",19日前,doda
エネックス株式会社,営業／東京支社,東京都,"年収393万9,210円～520万380円",29日前,ほくりくFIT転職
株式会社トップグローバル,韓国コスメのECサイト運営 韓国語必須,東京都 中央区,年収300万円～,4日前,株式会社トップグローバル
株式会社サテライトオフィス,最先端クラウドの営業,東京都 江東区 東陽町駅 徒歩2分,"年収600万円～1,000万円",7日前,type
株式会社エイチーム,Qiita 広告営業マネージャー ～エンジニア向けメディア「Qiita」～,東京都 品川区,公開していません,28日前,マイナビAGENT
株式会社日比谷花壇,第二新卒歓迎／総合職 営業・WEBマーケター・企画・開発,東京都,"月給21万4,000円～",14日前,リクナビNEXT
株式会社サーヴォ,ECサイト制作・運営,東京都 中央区 馬喰横山駅 徒歩6分,"月給19万8,000円～",7日前,U29JOB
東洋レコーディング株式会社,ECサイトの運営及びバイヤー業務,東京都 港区 赤坂見附駅 徒歩7分,月給22万円～28万円,公開していません,マイナビ転職
HACCI’s JAPAN合同会社,国際営業担当 海外展開加速／戦略立案～実行まで／英語力を活かせる,東京都 港区,年収400万円～700万円,公開していません,リクルートエージェント
株式会社アクティブ・ワーク,IT営業,東京都 千代田区 岩本町駅 徒歩2分,年収400万円～500万円,14日前,type
株式会社ジーニー,GENIEE DSP／ソリューション営業,東京都 新宿区,年収360万円～600万円,8日前,株式会社ジーニー
ペッツファースト株式会社,EC担当,東京都 品川区 目黒駅,年収400万円～600万円,18日前,doda
株式会社アージスジャパン,アパレルブランドでのEC業務サポート,東京都 港区 外苑前駅 徒歩5分,"時給1,850円",25日前,エン派遣
東京都／WEBショップ・ECサイト運営／cme-s,WEBショップ・ECサイト運営／01so,東京都 新宿区,年収350万円～500万円,11日前,ふれつり転職相談
株式会社博報堂コネクト,博報堂Gr EC運営・管理 年休120日／大手案件多／EC運営だけでなく企画業務有,東京都 江東区,年収450万円～550万円,公開していません,リクルートエージェント
株式会社クロス・コミュニケーション,企画営業 リーダー リモートワーク、フレックス制度有,東京都 新宿区,年収500万円～800万円,公開していません,リクルートエージェント
株式会社交換できるくん,WEB制作募集／月間300万PVの自社EC／成長企業／規模拡大による募集,東京都 渋谷区 渋谷駅 徒歩6分,"月給23万5,000円～40万5,500円",10日前,Find Job!
株式会社ニューズドテック,ECサイト戦略企画・運営,東京都 千代田区,年収264万円～350万円,16日前,doda
株式会社あとらす二十一,おうち時間を楽しくするインテリアECサイト運営事務,東京都 千代田区 神保町駅 徒歩5分,"時給1,700円",18日前,エン派遣
株式会社ボードウォーク,業界未経験歓迎 電子チケット・ファンクラブ事業の営業 会員数870万超の自社サービス,東京都 千代田区 半蔵門駅,年収350万円～550万円,13日前,doda
合同会社CraneGarden,HP、広告運用の営業,東京都 渋谷区,月給5万円,6日前,かんたん応募
株式会社arma bianca,ライセンス営業,東京都,公開していません,公開していません,株式会社arma bianca
株式会社spunto,法人営業 年間休日120日 WEB面接実施中 月給28万円~ 営業／人材紹介,東京都 港区 六本木一丁目駅 徒歩1分,月給28万円～33万円,21日前,株式会社spunto
バリュース株式会社,コンサルティング営業,東京都 渋谷区 恵比寿駅 徒歩5分,月給25万円～,公開していません,U29JOB
ASKUL LOGIST株式会社,物流ソリューション営業 アスクルのノウハウを用いてご提案／年間休日121日・土日祝休み／賞与年2回,東京都 江東区 新木場駅,月給24万円～31万円,14日前,エン転職
株式会社ハッシャダイ,自社サービスをゼロイチで作る営業 リモートワーク&WEB面接実施中 第二新卒歓迎 年間休日 120日,東京都 港区 六本木一丁目駅,年収300万円～400万円,公開していません,Office Lady
株式会社KOSMO,アパレル好きを活かせる 事務・ECサイト問合せ対応,東京都 渋谷区 渋谷駅 徒歩5分,"時給1,400円～",3日前,タウンワーク
株式会社ラストワンマイル・パートナーズ,経験なしでも 独立開業 大手EC 軽貨物 宅配便 配送ドライバー,東京都 港区                                                                                                                                                                その他 (2),月給35万円～,17日前,かんたん応募
株式会社ジョブカン会計,ECサイト企画・運営,東京都 新宿区,公開していません,公開していません,マイナビAGENT
株式会社PROFESSY,自社Webサービスの営業,東京都 渋谷区 恵比寿駅 徒歩7分,月給30万円～42万円,19日前,U29JOB
BBM株式会社,サービス企画営業職,東京都 渋谷区,年収600万円～800万円,2日前,ワークポート
アグザルファ株式会社,Amazonコンサルのパイオニア企業! 提案営業 年休120日,東京都 中央区 新日本橋駅 徒歩3分,月給20万円～50万円,13日前,マイナビ転職
株式会社ハッピーキャンペーン,食品ロス削減・SDGs事業の仕入企画／ECサイト運営・業務管理事務 残業10時間程度,東京都 港区 六本木駅,年収360万円,9日前,doda
株式会社Diezon,PM・PL候補／ECシステム／直請100%,東京都 中野区 中野坂上駅 徒歩4分,月給40万円～70万円,3日前,doda
株式会社ギークプラス,法人営業／物流ロボット,東京都 渋谷区 恵比寿駅,年収300万円～900万円,公開していません,Geekly
有限会社ビットブルー,卸営業／BIT BLUE,東京都 渋谷区,年収200万円～500万円,公開していません,フォーピープル
株式会社富士昭サンマテック,2～3年かけてじっくり成長! 法人営業／ルートセールス,東京都 中央区 馬喰横山駅 徒歩1分,月給23万円～33万円,16日前,リクナビNEXT
株式会社ディーエイチシー,営業,東京都,年収400万円～500万円,公開していません,彩職
株式会社GCOOP JAPAN,人気の韓国コスメメーカーの「営業企画」,東京都 港区 赤羽橋駅 徒歩1分,月給30万円～40万円,6日前,リクナビNEXT
株式会社SMBCヒューマン・キャリア,営業マネージャー候補,東京都 中央区 茅場町駅 徒歩5分,年収500万円～600万円,2日前,マイナビ転職エージェントサーチ
株式会社レゾナゲート,成長企業のDX推進を支えるコンサルティング営業 RPAやAI-OCRでの提案営業職を募集します,東京都 渋谷区 恵比寿駅 徒歩3分,月給31万円～37万円,公開していません,かんたん応募
株式会社日欧貿易,未経験OK シルバー製品・アクセサリーの商品企画／営業,東京都 港区 外苑前駅 徒歩3分,月給20万円～30万円,20日前,リクナビNEXT
株式会社ネットコムBB,法人営業,東京都 千代田区 日比谷駅,年収400万円～600万円,11時間前,doda
株式会社SHIFT,ソリューション営業,東京都 港区,"年収500万円～1,000万円",公開していません,パソナキャリア
株式会社グッドワークス,営業部部長候補,東京都 千代田区,"年収700万円～1,000万円",17日前,マイナビAGENT
株式会社sizebook,営業Mgr候補／組織立ち上げがミッション,東京都,年収480万円～680万円,公開していません,エン エージェント
CENTRIC株式会社,アシスタントからスタートする 営業職 未経験OK 完全土日休,東京都 豊島区 池袋駅 徒歩5分,月給25万円～42万円,6日前,マイナビ転職
株式会社ファミリーマート,WEB開発PM／EC事業／大手コンビニ企業／EC担当,東京都 港区 田町駅 徒歩1分,公開していません,公開していません,エン エージェント
株式会社アイティフォー,サーバ／クラウド基盤ソリューション営業,東京都 千代田区 半蔵門駅,年収450万円～750万円,公開していません,Green
株式会社MAKE UP ONE'S LIFE,ECサイトのコンサルティング提案をするお仕事,東京都 板橋区,固定報酬10万円～,公開していません,かんたん応募
株式会社MCデータプラス,営業 兼 営業企画,東京都 渋谷区 恵比寿駅 徒歩5分,年収500万円～800万円,14日前,U29JOB
ユーピーエス・ジャパン株式会社,アライアンス営業 世界最大級の外資系宅配企業／在宅勤務可／Web面接可,東京都 港区,年収700万円～800万円,公開していません,リクルートエージェント
Sqoopy株式会社,WEBマーケティング・デジタル広告営業／未経験可,東京都 港区 表参道駅 徒歩3分,年収360万円～600万円,8日前,リクナビNEXT
株式会社協栄情報,IT人材の紹介を行う SES営業 年休123日 マネージャー候補,東京都 中央区 人形町駅 徒歩3分,月給30万円～,公開していません,マイナビ転職
株式会社トゥエンティーワンコミュニティ,反響営業がメイン!ワインの営業職 未経験歓迎,東京都 港区 六本木駅 徒歩1分,月給30万円～,9日前,マイナビ転職
マーケティングパートナー株式会社,ペットは家族!ナチュラルフード「NOW FRESH」営業担当 完全週休2日制,東京都 新宿区,年収300万円～400万円,6日前,リクルートエージェント
株式会社ウェイブダッシュ,営業職 中古携帯・スマホ取引プラットフォーム「ムスビー」,東京都 千代田区,年収400万円～500万円,5日前,リクルートエージェント
SBテクノロジー株式会社,公共向け 営業 ～東証プライム上場／ソフトバンクグループ～,東京都,"年収541万円～1,044万円",公開していません,Spring転職エージェント
エイショウ光学株式会社,東京 OEM営業 中国国内業界TOPシェア 年休120日,東京都 渋谷区,年収400万円～500万円,1日前,リクルートエージェント
株式会社アドウェイズ,未経験歓迎 アプリの広告企画営業職,東京都 新宿区,年収350万円～600万円,公開していません,キャリコネ転職
株式会社ソフトギア,ゲーム・アプリの受託提案営業,東京都 新宿区 新宿御苑前駅,"月給23万6,000円～35万円",公開していません,日経転職版
株式会社スキルコネクト,AWS基盤構築技術者Ec2／Lambda／Fargate／RDS／cloudwatchを利用できる方,東京都 中央区 馬喰町駅,月給～70万円,公開していません,modis
株式会社FRONTEO,法人営業,東京都,年収400万円～600万円,公開していません,エン エージェント
シルバーエッグ・テクノロジー株式会社,自社製品新規営業,東京都 千代田区,年収500万円～700万円,8日前,パソナキャリア
株式会社スーパーソフトウエア,IT営業／成果主義／リモート勤務／給与UP,東京都 渋谷区 恵比寿駅 徒歩3分,年収500万円～800万円,公開していません,Green
はるやま商事株式会社,ECサイトのWebデザイナー ～経験者歓迎／残業月10時間～,東京都 品川区 五反田駅,年収400万円～500万円,18日前,doda
楽天カード株式会社,ソリューション営業,東京都,年収490万円～800万円,公開していません,エン エージェント
アクセルマーク株式会社,法人営業 #Web広告 #デジタルマーケ,東京都 中野区 中野坂上駅 徒歩3分,年収400万円～600万円,2日前,Green
Modis株式会社,外資系家電メーカーのECサイトコーディング業務,東京都 千代田区,"時給2,000円",8日前,modis
株式会社SSマーケット,勤務地は八王子駅徒歩1分!法人営業 Web面接可・完週休2日,東京都 八王子市 八王子駅 徒歩1分,月給25万円～,6日前,リクナビNEXT
全日本通商株式会社,営業,東京都 豊島区 大塚駅 徒歩10分,年収350万円～840万円,公開していません,Green
株式会社エトヴォス,営業職,東京都 港区,年収350万円～550万円,5日前,ワークポート
株式会社Nomearod,ECサイト運営補助・デザイン・事務全般,東京都 練馬区 練馬駅 徒歩5分,"時給1,200円～2,000円",公開していません,しゅふJOB
CREW株式会社,ソリューション営業／大阪・東京,東京都 千代田区,年収400万円～800万円,4日前,ふれツリ求人なび
味の素ヘルシーサプライ株式会社,営業経験者歓迎 農業資材ビジネスの事業構造改革～味の素グループ老舗安定企業～ 福利厚生充実,東京都 中央区 宝町駅,年収397万円～564万円,2日前,doda
株式会社椿本チエイン,法人営業 一生涯働けるプライム市場の超優良企業,東京都 港区,"年収400万円～1,000万円",24日前,マイナビAGENT
クラスメソッド株式会社,東京 新規事業セールス 大手企業向けEC／CRM／DX領域,東京都 千代田区 秋葉原駅 徒歩9分,"年収600万円～1,100万円",公開していません,Green
シャディ株式会社,営業 =業界未経験歓迎／残業20H／月程度,東京都 港区,年収341万円～459万円,公開していません,リクルートエージェント
株式会社グローバンス,営業,東京都 新宿区,年収300万円～600万円,公開していません,日経転職版
株式会社オズ・プロジェクト,バイク用品店 実店舗販売&簡単なECサイトお手伝い 転勤なし! 駅チカ! 定時退社,東京都 台東区 上野駅 徒歩7分,"月給21万円～22万5,000円",公開していません,楽天仕事紹介
ソースネクスト株式会社,ECサイト運用,東京都 港区 新橋駅,"年収926万円～1,304万円",13日前,doda
株式会社グローバルネット,Web広告の企画提案営業 昇給年4回 早期キャリアアップ可能 土日祝休み 残業20h以下,東京都 大田区 蒲田駅 徒歩10分,月給25万円～,24日前,エン転職
ヤーマン株式会社,ドラッグストア向け営業職／化粧品・トイレタリー商品担当,東京都 江東区 東陽町駅,年収420万円～600万円,16日前,doda
株式会社エコーネス,北欧インテリアを世の中に発信する提案営業 年休120日以上,東京都 中央区,月給26万円～,21日前,リクナビNEXT
カルチュア・コンビニエンス・クラブ株式会社,セールス・営業のルートセールス法人向け,東京都 渋谷区,"年収500万円～1,000万円",6日前,Ｔジョブ
株式会社TSI,「JILL by JILLSTUART」の営業担当／年間休日130日,東京都 港区 青山一丁目駅,年収300万円～500万円,10日前,doda
株式会社テンダ,ソフトウェアパッケージ営業,東京都 渋谷区,年収500万円～800万円,16日前,マイナビAGENT
株式会社バベル,インサイドセールス 営業活動をAIで可視化／AI・MLを活用した事業を展開,東京都 渋谷区,年収500万円～,公開していません,リクルートエージェント
株式会社ベルシステム24 スタボ採用センター,ECコンサルタントのお仕事,東京都 世田谷区 二子玉川駅 徒歩5分,"月給26万4,000円～",4日前,タウンワーク
株式会社MonotaRO,法人営業担当／東京,東京都 港区 赤坂見附駅 徒歩5分,年収500万円～850万円,公開していません,type
株式会社ネオキャリア,コンサルティング営業,東京都 新宿区 新宿駅 徒歩7分,月給30万円～45万円,3日前,type
株式会社コウェル,法人営業,東京都 品川区,年収400万円～700万円,公開していません,ワークポート
株式会社サンワカンパニー,法人営業,東京都 港区,年収450万円～600万円,18日前,ワークポート
