株式会社カマキュー,菓子メーカーでの営業職募集,"東京都 豊島区 下板橋駅 徒歩2分                                                                                                                                                                    




下板橋駅の求人
をすべて見る",月給25万円～35万円,公開していません,かんたん応募
株式会社三輝,業務委託配送スタッフ 週休2日／手取40万以上／未経験9割,"東京都 足立区 綾瀬駅                                                                                                                                                                    




綾瀬駅の求人
をすべて見る


株式会社三輝の求人
をすべて見る",月給40万円～50万円,公開していません,かんたん応募
東京都千代田区／ゴルフ用品会社／cme-s,ゴルフ用品の営業／01so,東京都 千代田区 飯田橋駅 徒歩7分,年収300万円～420万円,11日前,ふれつり転職相談
株式会社LUXURY,営業アシスタント／未経験&フリーターOK／平均年齢20代／10時出社／青山勤務,"東京都 港区 外苑前駅 徒歩1分                                                                                                                                                                    




株式会社LUXURYの求人
をすべて見る",月給23万円～25万円,9時間前,女の転職type
山下本気うどん 新宿三丁目,週2日、3h～ うどん店の ホール キッチン／補助,東京都 新宿区 新宿駅,"時給1,375円",10時間前,タウンワーク
山下本気うどん 渋谷センター街,履歴書不要／週2日- うどん店ホール、キッチン、レジ,東京都 渋谷区 渋谷駅,"時給1,438円～",1日前,タウンワーク
山下本気うどん 新宿歌舞伎町,今秋open／週2日、3h-／うどん店ホール、キッチン、レジ,東京都 新宿区 新宿駅 徒歩5分,"時給1,625円",1日前,タウンワーク
APAMAN株式会社 Apaman Networ...,営業企画・運用担当者募集,東京都 千代田区 東京駅 徒歩1分,年収275万円～485万円,3日前,type
株式会社U.P SYSTEM,デビュー前の3か月間はお給料をもらいながら勉強 SE・PG,東京都 渋谷区 渋谷駅 徒歩5分,月給22万円～40万円,6日前,マイナビ転職
セントケア・ホールディング株式会社,訪問介護 サービス提供責任者／セントケアDX 高円寺北営業所,"東京都 杉並区 高円寺駅 徒歩9分                                                                                                                                                                    




セントケア・ホールディング株式会社の求人
をすべて見る","月給25万6,000円～29万6,000円",1日前,セントケア・ホールディング株式会社
株式会社エアウィーヴ,寝具ブランドエアウィーヴ 販売員 20代活躍中 業界未経験歓迎,東京都,"月給24万8,000円～35万8,000円",9日前,マイナビ転職
株式会社ワット・コンサルティング,自社スクールで学べる! プロジェクトサポート 未経験歓迎,東京都,月給20万円～24万円,6日前,PROSEEK
労働保険事務組合TSC,働きながら”社労士資格”も目指せる 法人営業職 残業少なめ,東京都 新宿区,"月給22万5,000円～",13日前,マイナビ転職
株式会社小学館集英社プロダクション,調理補助,東京都 中央区 宝町駅 徒歩1分,"時給1,100円～",6日前,株式会社小学館集英社プロダクション
株式会社大塚フーズ,ホールスタッフ、キッチンスタッフ／メディアでも話題の串カツ専門店,東京都 渋谷区 渋谷駅 徒歩5分,"時給1,300円～",15日前,バイトル
株式会社ユニアワークス,事務スタッフ 年休120日以上,東京都 港区 浜松町駅 徒歩8分,"月給20万5,000円～45万円",23日前,マイナビ転職
有限会社WIT’S CORPORATION,イベントや販売のマーケティング営業,東京都 渋谷区 恵比寿駅 徒歩13分,月給27万円～,28日前,有限会社WIT’S CORPORATION 東京本社
株式会社ソシエ・ワールド ジャック・モアザン パ...,美容師アシスタント,東京都 中央区 銀座駅 徒歩1分                                                                                                                                                                その他 (8),"月給20万6,000円～",10日前,株式会社ソシエ・ワールド
株式会社ソシエ・ワールド ヘアーサロン ソシエ ...,美容師スタイリスト,東京都 多摩市 多摩センター駅 徒歩3分                                                                                                                                                                その他 (7),月給27万円～,10日前,株式会社ソシエ・ワールド
株式会社ニッケンエンジ,2023 新卒採用 コンサルタント・専門コンサルタント,東京都 千代田区 東京駅,"月給18万7,000円～24万7,000円",29日前,リクナビ2023
