株式会社アールワークス,システム営業,"東京都 千代田区 飯田橋駅 徒歩3分                                                                                                                                                                    




飯田橋駅の求人
をすべて見る


株式会社アールワークスの求人
をすべて見る",年収300万円～420万円,公開していません,U29JOB
株式会社ジオコード,中小企業向け営業支援ツールの開発に関わるUI／UXデザイナー,"東京都 新宿区 新宿駅 徒歩1分                                                                                                                                                                    




新宿駅の求人
をすべて見る


株式会社ジオコードの求人
をすべて見る",年収400万円～600万円,9日前,マイナビ転職エージェントサーチ
株式会社Dental Happy,営業事務 あなたのアイデアを効果測定し続けられるWebメディア運営者募集,東京都 千代田区,月給23万円～45万円,21日前,株式会社Dental Happy
株式会社Sassor,リモート勤務可 事業開発、営業企画、企画提案,"東京都 目黒区 中目黒駅 徒歩5分                                                                                                                                                                    




中目黒駅の求人
をすべて見る",年収400万円～800万円,9日前,Green
株式会社ヘルスベイシス,「在宅ワーク／フリーランス」Vue.js／Reactエンジニア オンライン商談システムリプレース開発,東京都 港区 新橋駅,月給60万円～80万円,3日前,かんたん応募
株式会社ACWEB,制作会社におけるマークアップエンジニア案件,東京都 新宿区 新宿駅,月給～65万円,公開していません,modis
株式会社揚羽,マークアップエンジニア,"東京都 中央区 八丁堀駅 徒歩5分                                                                                                                                                                    




株式会社揚羽の求人
をすべて見る",年収400万円～500万円,23日前,マイナビ転職エージェントサーチ
株式会社キャリアデザインセンター,Webデザイン・コーディング,東京都 渋谷区 渋谷駅 徒歩7分,"時給1,800円～1,900円",公開していません,type IT派遣
株式会社コスモストーク,即or7月～長期 サーバーサイド開発業務支援,東京都 港区,月給60万円～65万円,2日前,modis
株式会社Jストリーム,フロントエンドエンジニア 得意分野で能力を発揮!プロダクトを横断化し柔軟に対応,東京都 港区 芝公園駅,年収400万円,1日前,レバテックキャリア
株式会社カスタメディア,フロントエンドエンジニア,東京都 千代田区 神田駅 徒歩3分,年収500万円～700万円,公開していません,paiza転職
株式会社インフォネット,6／25マザーズ上場／急成長を体感できるタイミング,東京都 千代田区 大手町駅,年収400万円～550万円,公開していません,マイナビAGENT
株式会社ショーケース,サーバーサイドエンジニア／自社サービス開発エンジニア FintechやクラウドマーケティングSaaS...,東京都 港区 六本木一丁目駅,公開していません,公開していません,レバテックキャリア
EveLive,webデザイナーおよびHTMLコーダー、web開発エンジニア、webディレクター募集,東京都,月給30万円～,公開していません,かんたん応募
株式会社GENOVA,フロントエンドエンジニア,東京都 渋谷区 渋谷駅,年収600万円～700万円,公開していません,U29JOB
株式会社キャリアインデックス,Webデザイナー／自社サービス担当,東京都 港区 白金台駅,年収380万円～540万円,公開していません,Geekly
テックタッチ株式会社,コミュニケーションデザイナー,東京都 港区 虎ノ門駅 徒歩3分,年収550万円～840万円,公開していません,U29JOB
株式会社ウエディングパーク,結婚準備クチコミ情報サイト「ウエディングパーク」をはじめ複数サービスを展開,東京都 渋谷区,公開していません,12日前,マイナビAGENT
iYell株式会社,インフラエンジニア,東京都 渋谷区 渋谷駅 徒歩5分,年収450万円～,20時間前,CREATIVE JOB
サイボウズ株式会社,社内SE フルリモート勤務可能,東京都 中央区 日本橋駅,公開していません,1日前,レバテックキャリア
株式会社グローバルウェイ,フロントエンドエンジニア,東京都 渋谷区,年収400万円～500万円,22日前,キャリコネ転職
スパイスファクトリー株式会社,フロントエンドエンジニア JavaScript・Reactなどのフロントエンド技術によるWebサービ...,東京都 台東区 浅草橋駅,年収430万円～630万円,23日前,レバテックキャリア
株式会社LHL,フロントエンジニア,東京都 新宿区 新宿駅,年収340万円～520万円,公開していません,Geekly
株式会社LIFULL senior,UI／UXデザイナー,東京都 千代田区 半蔵門駅 徒歩5分,年収450万円,公開していません,株式会社 Billage
株式会社リブセンス,UIデザイナー 転職ドラフト／1-10フェーズ／昨対比売上170%／フルリモート可,東京都 品川区,年収500万円～750万円,16日前,リクルートエージェント
スターフィールド株式会社,越境ECシステムをゼロから開発したいフロントエンドエンジニア!永続的リモートワーク中,東京都 新宿区 高田馬場駅 徒歩5分,年収350万円～630万円,14日前,Find Job!
株式会社クリーク・アンド・リバー社,六本木にて「フロントエンドエンジニア」のお仕事,東京都 港区 六本木駅 徒歩5分,"時給2,000円～2,550円",2日前,CREATIVE JOB
SBクリエイティブ株式会社,自社B to B Webメディアのシステム開発担当,東京都,年収500万円～650万円,公開していません,Spring転職エージェント
株式会社ワンゴジュウゴ,急募 フロントエンドエンジニア,東京都 千代田区 麹町駅 徒歩4分,年収450万円～700万円,8日前,CREATIVE JOB
株式会社ビデックス,配信エンジニア,東京都 渋谷区 代々木上原駅 徒歩2分,月給25万円～,7日前,U29JOB
株式会社トゥインクル,フロントエンドエンジニア,東京都 多摩市 聖蹟桜ケ丘駅 徒歩3分,年収400万円～800万円,公開していません,paiza転職
株式会社TYL,Webエンジニア／ペット関連の自社サービス,東京都 港区 芝公園駅,年収400万円～700万円,公開していません,Geekly
弁護士ドットコム株式会社,クラウド型電子契約サービス 「クラウドサイン」のサーバサイドエンジニア,東京都 港区 六本木一丁目駅 徒歩6分,"年収507万6,000円～803万8,008円",10日前,エンジニアHubキャリア
パーソルプロセス&テクノロジー株式会社,359 リードエンジニア候補,東京都 江東区 豊洲駅,年収400万円～700万円,6日前,マイナビAGENT
INI株式会社,フロントエンドエンジニア,東京都 港区 御成門駅 徒歩1分,年収350万円～500万円,18日前,U29JOB
株式会社スタイル・エッジ,フロントエンドエンジニア／リーダー候補,東京都 新宿区 新宿駅,年収400万円～700万円,公開していません,Geekly
BRANU株式会社,サーバサイドエンジニア,東京都 港区 六本木駅,年収480万円～800万円,17日前,doda
株式会社OS工芸社,Webデザイナー,東京都 千代田区 市ケ谷駅,年収350万円～500万円,19日前,doda
キラメックス株式会社,プログラミング教育サービスのフロントエンドエンジニア,東京都 渋谷区,年収300万円～840万円,公開していません,Education Career
株式会社サイエンスアーツ,SREエンジニア,東京都 千代田区 飯田橋駅 徒歩7分,"年収500万円～1,000万円",6日前,Green
株式会社エイデン,サーバサイドエンジニア,東京都 渋谷区 原宿駅 徒歩3分,年収350万円～550万円,公開していません,paiza転職
株式会社MONSTER DIVE,フロントエンドエンジニア～創業から12期連続黒字経営／有名クライアントのプロジェクト多数～,東京都 港区 乃木坂駅,年収325万円～650万円,12日前,doda
株式会社アジアンビジネスネットワーク,バックエンド／フロントエンドエンジニア リーダー,東京都 豊島区 池袋駅 徒歩5分,年収500万円～750万円,1日前,Green
株式会社ツクルバ,フロントエンドエンジニア ～不動産プラットフォーム「カウカモ」～,東京都 目黒区,"年収750万円～1,100万円",13日前,doda
株式会社きらぼし銀行,フロントエンドエンジニア,東京都 港区,"年収600万円～1,000万円",公開していません,paiza転職
株式会社スタッフサービス,ITエンジニア,東京都 渋谷区 渋谷駅 徒歩2分,"月給23万5,000円～",5日前,株式会社スタッフサービス エンジニアリング事業本部
株式会社ウェヴァード,Webデザイナー,東京都 中央区 人形町駅 徒歩3分,月給28万円～45万円,7日前,type
株式会社Gizumo,リモート研修3カ月以上／未経験歓迎のWeb・アプリエンジニア,東京都 渋谷区 渋谷駅 徒歩2分,"月給21万1,633円～60万円",6日前,doda
エヌ・ティ・ティ・コムウェア株式会社,経営基幹となるデータマーケティング基盤のアジャイル開発メンバー,東京都 港区 赤坂見附駅,年収581万円～681万円,19日前,doda
株式会社CCG WORKING HEADS,マークアップエンジニア／私服OK／成長機会が多く自由闊達な社風／WEB面接可,東京都 品川区,年収351万円～500万円,公開していません,リクルートエージェント
株式会社ブロードリーフ,新規事業推進本部:リードエンジニア,東京都,"年収700万円～1,100万円",公開していません,Spring転職エージェント
株式会社GRANDDESIGN,Webデザイナー,東京都 渋谷区 明治神宮前駅 徒歩5分,年収400万円～500万円,1日前,Green
AMBL株式会社,AI、5G、RPA、クラウドなどの最先端技術を扱う企業でフロントエンドエンジニア,東京都 品川区 大崎駅 徒歩5分,年収400万円～750万円,21日前,マイナビ転職エージェントサーチ
株式会社富士三和総研 開発会社,Python PHP Django開発,東京都 板橋区 中板橋駅 徒歩5分,月給30万円～40万円,公開していません,株式会社富士三和総研
株式会社リアクトウォール,開発エンジニア 案件単価還元率:70～80%! 全体の8割がリモート,東京都 新宿区 西新宿駅 徒歩1分,月給27万円～,24日前,女の転職type
株式会社日テレWands,フロントエンドエンジニア／メディア案件多,東京都 港区,年収400万円～600万円,13日前,doda
株式会社M and K,ITエンジニア職,東京都 港区 乃木坂駅,月給20万円～75万円,23日前,株式会社M and K
Tres Innovation株式会社,フロントエンドエンジニア React／Vue.js／Angular／Node／jQuery,東京都 世田谷区 池尻大橋駅 徒歩8分,年収400万円～800万円,1日前,Green
株式会社TAPP,バックエンドエンジニア 不動産×webマーケで300%成長のベンチャー 服装自由,東京都 港区 品川駅,"年収520万円～1,000万円",17日前,doda
ARCHIPELAGO株式会社,WEBエンジニア 全国・フルリモートOK,東京都 新宿区 新宿三丁目駅 徒歩3分,"年収600万円～1,000万円",9日前,Green
株式会社エヌリンクス,Salesforceエンジニア ポテンシャル採用,東京都 中央区 宝町駅 徒歩1分,年収260万円～400万円,公開していません,Green
株式会社リファルケ,WEBディレクター あなたの意思決定を尊重し、将来の選択肢を増やす社員支援型IT企業,東京都 千代田区 有楽町駅 徒歩2分,"年収420万円～1,260万円",公開していません,Green
Y&IGroup株式会社,Webエンジニア,東京都 千代田区,年収420万円～700万円,公開していません,paiza転職
株式会社ブロッコリー,Webコーダー,東京都 練馬区 練馬駅,年収380万円～500万円,7日前,doda
株式会社パルコデジタルマーケティング,フロントエンドエンジニア,東京都 渋谷区 渋谷駅 徒歩10分,年収360万円～580万円,4時間前,type
株式会社ダイヤモンドファンタジー,リモート勤務可能案件多数 Web開発エンジニア,東京都 中央区 銀座駅 徒歩3分,年収400万円～600万円,13日前,Green
株式会社ビズパ,サーバーサイドエンジニア,東京都 渋谷区 渋谷駅 徒歩5分,年収400万円～900万円,6日前,Green
株式会社ラクス,業務効率化サービスのトップシェア企業でサービスサイトデザイナー,東京都 新宿区 新宿駅 徒歩1分,年収520万円～730万円,21日前,マイナビ転職エージェントサーチ
ソースネクスト株式会社,WEBデザイナー,東京都 港区 新橋駅,年収600万円～878万円,19日前,doda
CREW株式会社,国内トップクラスのシェアを誇るSaaS企業のサービスの根幹を支える,東京都 渋谷区,"年収520万5,600円～929万8,200円",4日前,ふれツリ求人なび
株式会社プロアクティブ,SE,東京都 中央区,年収400万円～600万円,公開していません,パソナキャリア
株式会社フォーイット,Webデザイナー 自社サービス「afb」のデザイナー／完全週休2日制・土日祝日休み,東京都 渋谷区 神泉駅,年収350万円～500万円,1日前,レバテックキャリア
株式会社タービン・インタラクティブ,バックエンドエンジニア,東京都 品川区,年収350万円～500万円,7日前,paiza転職
東京神奈川ITエンジニア事業部,システムアーキテクト,東京都 品川区,公開していません,公開していません,東京神奈川ITエンジニア事業部
株式会社アストレア,Webディレクター／開発ディレクター,東京都 新宿区 新宿三丁目駅 徒歩5分,年収420万円,公開していません,paiza転職
株式会社アフターグロウ,webデザイナー,東京都 渋谷区 代々木上原駅,月給22万円～28万円,27日前,株式会社アフターグロウ
株式会社パソナテック,Webエンジニア,東京都 千代田区 東京駅 徒歩2分,月給23万円～,21日前,type
株式会社フレイ・スリー,テックリード候補,東京都 品川区,年収600万円～900万円,公開していません,paiza転職
独自のクラウドサービスで成長を続ける東証プライム...,フロントエンドエンジニア／01so,東京都 渋谷区,"年収520万5,600円～929万8,200円",1日前,ふれつり転職相談
アライドアーキテクツ株式会社,webのフロントエンドエンジニア,東京都 渋谷区 恵比寿駅 徒歩3分,年収500万円～700万円,公開していません,paiza転職
株式会社アサーティブ,「WEBエンジニア」フレックス 完全週休2日,東京都 渋谷区,公開していません,公開していません,株式会社アサーティブ
アクトインディ株式会社,UI・UXデザイナー／UIデザイナー 「子どもとおでかけ情報 いこーよ」のUI,東京都 品川区 五反田駅,"年収400万円～1,000万円",公開していません,レバテックキャリア
株式会社CaSy,CTO候補,東京都 品川区 目黒駅,"年収800万円～1,000万円",2時間前,paiza転職
株式会社Global Synergy Solut...,Webエンジニア・コーダー,東京都 台東区 上野駅 徒歩5分,月給23万円～,公開していません,株式会社Global Synergy Solutions
株式会社カイユウ,Webエンジニア,東京都 渋谷区 渋谷駅 徒歩1分,年収400万円～600万円,公開していません,paiza転職
株式会社マイクロウェーブデジタル,SE,東京都 渋谷区 渋谷駅 徒歩2分,年収500万円～700万円,公開していません,paiza転職
株式会社Billage,UI／UXデザイナー,東京都 千代田区,年収450万円～550万円,公開していません,株式会社Billage
株式会社SKIYAKI,RPAエンジニア,東京都 渋谷区 渋谷駅 徒歩3分,月給40万円～85万円,公開していません,U29JOB
株式会社ケイズシステム,プログラマー フロントエンドプログラマ,東京都 目黒区 祐天寺駅 徒歩0分,"時給1,200円～2,500円",公開していません,株式会社ケイズシステム
バウンディア合同会社,フロントエンドエンジニア,東京都 港区 田町駅 徒歩5分,年収300万円～600万円,公開していません,paiza転職
株式会社クラビス,バックエンドエンジニア,東京都 港区 田町駅 徒歩10分,"年収700万円～1,099万円",28日前,paiza転職
アルファパートナーズ株式会社,高単価／63万／渋谷／SNS広告運用のwebツールフルスタック開発／AWS／SE,東京都 千代田区 水道橋駅 徒歩3分,"月給51万円～63万7,500円",公開していません,アルファパートナーズ株式会社
株式会社Cuon,フロントエンドエンジニア,東京都 千代田区 東京駅 徒歩5分,年収400万円～600万円,公開していません,paiza転職
株式会社灯火,SE クラウド開発／フロントエンジニア,東京都 品川区 品川シーサイド駅,年収480万円～600万円,公開していません,株式会社灯火
株式会社クインテット,Webアプリケーションエンジニア,東京都 千代田区 市ケ谷駅 徒歩7分,年収400万円～800万円,公開していません,paiza転職
株式会社ツナググループHC,スマートフォンエンジニア,東京都 千代田区 水道橋駅 徒歩8分,年収500万円～700万円,8日前,paiza転職
セカイエ株式会社,開発エンジニア・自社プロダクト,東京都 港区 赤羽橋駅 徒歩5分,年収350万円～500万円,23日前,セカイエ株式会社
ニチカレ株式会社,プロジェクトマネージャー,東京都 品川区 大崎駅 徒歩6分,年収500万円～800万円,公開していません,paiza転職
株式会社レンガ,開発エンジニア,東京都 港区 新橋駅 徒歩4分,"年収400万円～1,000万円",公開していません,paiza転職
就労移行支援事業所YASSAS,就労移行支援事業所における支援員,東京都 大田区 西馬込駅 徒歩12分,"時給1,200円～1,400円",14日前,ハローワーク大森
